incident_id,chunk_count
RCA-00001,1
RCA-00002,1
RCA-00003,1
RCA-00004,1
RCA-00005,1
RCA-00006,1
RCA-00007,1
RCA-00008,1
RCA-00009,1
RCA-00010,1
RCA-00011,1
RCA-00012,1
RCA-00013,1
RCA-00014,1
RCA-00015,1
RCA-00016,1
RCA-00017,1
RCA-00018,1
RCA-00019,1
RCA-00020,1
RCA-00021,1
RCA-00022,1
RCA-00023,1
RCA-00024,1
RCA-00025,1
RCA-00026,1
RCA-00027,1
RCA-00028,1
RCA-00029,1
RCA-00030,1
RCA-00031,1
RCA-00032,1
RCA-00033,1
RCA-00034,1
RCA-00035,1
RCA-00036,1
RCA-00037,1
RCA-00038,1
RCA-00039,1
RCA-00040,1
RCA-00041,1
RCA-00042,1
RCA-00043,1
RCA-00044,1
RCA-00045,1
RCA-00046,1
RCA-00047,1
RCA-00048,1
RCA-00049,1
RCA-00050,1
RCA-00051,1
RCA-00052,1
RCA-00053,1
RCA-00054,1
RCA-00055,1
RCA-00056,1
RCA-00057,1
RCA-00058,1
RCA-00059,1
RCA-00060,1
RCA-00061,1
RCA-00062,1
RCA-00063,1
RCA-00064,1
RCA-00065,1
RCA-00066,1
RCA-00067,1
RCA-00068,1
RCA-00069,1
RCA-00070,1
RCA-00071,1
RCA-00072,1
RCA-00073,1
RCA-00074,1
RCA-00075,1
RCA-00076,1
RCA-00077,1
RCA-00078,1
RCA-00079,1
RCA-00080,1
RCA-00081,1
RCA-00082,1
RCA-00083,1
RCA-00084,1
RCA-00085,1
RCA-00086,1
RCA-00087,1
RCA-00088,1
RCA-00089,1
RCA-00090,1
RCA-00091,1
RCA-00092,1
RCA-00093,1
RCA-00094,1
RCA-00095,1
RCA-00096,1
RCA-00097,1
RCA-00098,1
RCA-00099,1
RCA-00100,1
RCA-00101,1
RCA-00102,1
RCA-00103,1
RCA-00104,1
RCA-00105,1
RCA-00106,1
RCA-00107,1
RCA-00108,1
RCA-00109,1
RCA-00110,1
RCA-00111,1
RCA-00112,1
RCA-00113,1
RCA-00114,1
RCA-00115,1
RCA-00116,1
RCA-00117,1
RCA-00118,1
RCA-00119,1
RCA-00120,1
RCA-00121,1
RCA-00122,1
RCA-00123,1
RCA-00124,1
RCA-00125,1
RCA-00126,1
RCA-00127,1
RCA-00128,1
RCA-00129,1
RCA-00130,1
RCA-00131,1
RCA-00132,1
RCA-00133,1
RCA-00134,1
RCA-00135,1
RCA-00136,1
RCA-00137,1
RCA-00138,1
RCA-00139,1
RCA-00140,1
RCA-00141,1
RCA-00142,1
RCA-00143,1
RCA-00144,1
RCA-00145,1
RCA-00146,1
RCA-00147,1
RCA-00148,1
RCA-00149,1
RCA-00150,1
RCA-00151,1
RCA-00152,1
RCA-00153,1
RCA-00154,1
RCA-00155,1
RCA-00156,1
RCA-00157,1
RCA-00158,1
RCA-00159,1
RCA-00160,1
RCA-00161,1
RCA-00162,1
RCA-00163,1
RCA-00164,1
RCA-00165,1
RCA-00166,1
RCA-00167,1
RCA-00168,1
RCA-00169,1
RCA-00170,1
RCA-00171,1
RCA-00172,1
RCA-00173,1
RCA-00174,1
RCA-00175,1
RCA-00176,1
RCA-00177,1
RCA-00178,1
RCA-00179,1
RCA-00180,1
RCA-00181,1
RCA-00182,1
RCA-00183,1
RCA-00184,1
RCA-00185,1
RCA-00186,1
RCA-00187,1
RCA-00188,1
RCA-00189,1
RCA-00190,1
RCA-00191,1
RCA-00192,1
RCA-00193,1
RCA-00194,1
RCA-00195,1
RCA-00196,1
RCA-00197,1
RCA-00198,1
RCA-00199,1
RCA-00200,1
RCA-00201,1
RCA-00202,1
RCA-00203,1
RCA-00204,1
RCA-00205,1
RCA-00206,1
RCA-00207,1
RCA-00208,1
RCA-00209,1
RCA-00210,1
RCA-00211,1
RCA-00212,1
RCA-00213,1
RCA-00214,1
RCA-00215,1
RCA-00216,1
RCA-00217,1
RCA-00218,1
RCA-00219,1
RCA-00220,1
RCA-00221,1
RCA-00222,1
RCA-00223,1
RCA-00224,1
RCA-00225,1
RCA-00226,1
RCA-00227,1
RCA-00228,1
RCA-00229,1
RCA-00230,1
RCA-00231,1
RCA-00232,1
RCA-00233,1
RCA-00234,1
RCA-00235,1
RCA-00236,1
RCA-00237,1
RCA-00238,1
RCA-00239,1
RCA-00240,1
RCA-00241,1
RCA-00242,1
RCA-00243,1
RCA-00244,1
RCA-00245,1
RCA-00246,1
RCA-00247,1
RCA-00248,1
RCA-00249,1
RCA-00250,1
RCA-00251,1
RCA-00252,1
RCA-00253,1
RCA-00254,1
RCA-00255,1
RCA-00256,1
RCA-00257,1
RCA-00258,1
RCA-00259,1
RCA-00260,1
RCA-00261,1
RCA-00262,1
RCA-00263,1
RCA-00264,1
RCA-00265,1
RCA-00266,1
RCA-00267,1
RCA-00268,1
RCA-00269,1
RCA-00270,1
RCA-00271,1
RCA-00272,1
RCA-00273,1
RCA-00274,1
RCA-00275,1
RCA-00276,1
RCA-00277,1
RCA-00278,1
RCA-00279,1
RCA-00280,1
RCA-00281,1
RCA-00282,1
RCA-00283,1
RCA-00284,1
RCA-00285,1
RCA-00286,1
RCA-00287,1
RCA-00288,1
RCA-00289,1
RCA-00290,1
RCA-00291,1
RCA-00292,1
RCA-00293,1
RCA-00294,1
RCA-00295,1
RCA-00296,1
RCA-00297,1
RCA-00298,1
RCA-00299,1
RCA-00300,1
RCA-00301,1
RCA-00302,1
RCA-00303,1
RCA-00304,1
RCA-00305,1
RCA-00306,1
RCA-00307,1
RCA-00308,1
RCA-00309,1
RCA-00310,1
RCA-00311,1
RCA-00312,1
RCA-00313,1
RCA-00314,1
RCA-00315,1
RCA-00316,1
RCA-00317,1
RCA-00318,1
RCA-00319,1
RCA-00320,1
RCA-00321,1
RCA-00322,1
RCA-00323,1
RCA-00324,1
RCA-00325,1
RCA-00326,1
RCA-00327,1
RCA-00328,1
RCA-00329,1
RCA-00330,1
RCA-00331,1
RCA-00332,1
RCA-00333,1
RCA-00334,1
RCA-00335,1
RCA-00336,1
RCA-00337,1
RCA-00338,1
RCA-00339,1
RCA-00340,1
RCA-00341,1
RCA-00342,1
RCA-00343,1
RCA-00344,1
RCA-00345,1
RCA-00346,1
RCA-00347,1
RCA-00348,1
RCA-00349,1
RCA-00350,1
RCA-00351,1
RCA-00352,1
RCA-00353,1
RCA-00354,1
RCA-00355,1
RCA-00356,1
RCA-00357,1
RCA-00358,1
RCA-00359,1
RCA-00360,1
RCA-00361,1
RCA-00362,1
RCA-00363,1
RCA-00364,1
RCA-00365,1
RCA-00366,1
RCA-00367,1
RCA-00368,1
RCA-00369,1
RCA-00370,1
RCA-00371,1
RCA-00372,1
RCA-00373,1
RCA-00374,1
RCA-00375,1
RCA-00376,1
RCA-00377,1
RCA-00378,1
RCA-00379,1
RCA-00380,1
RCA-00381,1
RCA-00382,1
RCA-00383,1
RCA-00384,1
RCA-00385,1
RCA-00386,1
RCA-00387,1
RCA-00388,1
RCA-00389,1
RCA-00390,1
RCA-00391,1
RCA-00392,1
RCA-00393,1
RCA-00394,1
RCA-00395,1
RCA-00396,1
RCA-00397,1
RCA-00398,1
RCA-00399,1
RCA-00400,1
RCA-00401,1
RCA-00402,1
RCA-00403,1
RCA-00404,1
RCA-00405,1
RCA-00406,1
RCA-00407,1
RCA-00408,1
RCA-00409,1
RCA-00410,1
RCA-00411,1
RCA-00412,1
RCA-00413,1
RCA-00414,1
RCA-00415,1
RCA-00416,1
RCA-00417,1
RCA-00418,1
RCA-00419,1
RCA-00420,1
RCA-00421,1
RCA-00422,1
RCA-00423,1
RCA-00424,1
RCA-00425,1
RCA-00426,1
RCA-00427,1
RCA-00428,1
RCA-00429,1
RCA-00430,1
RCA-00431,1
RCA-00432,1
RCA-00433,1
RCA-00434,1
RCA-00435,1
RCA-00436,1
RCA-00437,1
RCA-00438,1
RCA-00439,1
RCA-00440,1
RCA-00441,1
RCA-00442,1
RCA-00443,1
RCA-00444,1
RCA-00445,1
RCA-00446,1
RCA-00447,1
RCA-00448,1
RCA-00449,1
RCA-00450,1
RCA-00451,1
RCA-00452,1
RCA-00453,1
RCA-00454,1
RCA-00455,1
RCA-00456,1
RCA-00457,1
RCA-00458,1
RCA-00459,1
RCA-00460,1
RCA-00461,1
RCA-00462,1
RCA-00463,1
RCA-00464,1
RCA-00465,1
RCA-00466,1
RCA-00467,1
RCA-00468,1
RCA-00469,1
RCA-00470,1
RCA-00471,1
RCA-00472,1
RCA-00473,1
RCA-00474,1
RCA-00475,1
RCA-00476,1
RCA-00477,1
RCA-00478,1
RCA-00479,1
RCA-00480,1
RCA-00481,1
RCA-00482,1
RCA-00483,1
RCA-00484,1
RCA-00485,1
RCA-00486,1
RCA-00487,1
RCA-00488,1
RCA-00489,1
RCA-00490,1
RCA-00491,1
RCA-00492,1
RCA-00493,1
RCA-00494,1
RCA-00495,1
RCA-00496,1
RCA-00497,1
RCA-00498,1
RCA-00499,1
RCA-00500,1
RCA-00501,1
RCA-00502,1
RCA-00503,1
RCA-00504,1
RCA-00505,1
RCA-00506,1
RCA-00507,1
RCA-00508,1
RCA-00509,1
RCA-00510,1
RCA-00511,1
RCA-00512,1
RCA-00513,1
RCA-00514,1
RCA-00515,1
RCA-00516,1
RCA-00517,1
RCA-00518,1
RCA-00519,1
RCA-00520,1
RCA-00521,1
RCA-00522,1
RCA-00523,1
RCA-00524,1
RCA-00525,1
RCA-00526,1
RCA-00527,1
RCA-00528,1
RCA-00529,1
RCA-00530,1
RCA-00531,1
RCA-00532,1
RCA-00533,1
RCA-00534,1
RCA-00535,1
RCA-00536,1
RCA-00537,1
RCA-00538,1
RCA-00539,1
RCA-00540,1
RCA-00541,1
RCA-00542,1
RCA-00543,1
RCA-00544,1
RCA-00545,1
RCA-00546,1
RCA-00547,1
RCA-00548,1
RCA-00549,1
RCA-00550,1
RCA-00551,1
RCA-00552,1
RCA-00553,1
RCA-00554,1
RCA-00555,1
RCA-00556,1
RCA-00557,1
RCA-00558,1
RCA-00559,1
RCA-00560,1
RCA-00561,1
RCA-00562,1
RCA-00563,1
RCA-00564,1
RCA-00565,1
RCA-00566,1
RCA-00567,1
RCA-00568,1
RCA-00569,1
RCA-00570,1
RCA-00571,1
RCA-00572,1
RCA-00573,1
RCA-00574,1
RCA-00575,1
RCA-00576,1
RCA-00577,1
RCA-00578,1
RCA-00579,1
RCA-00580,1
RCA-00581,1
RCA-00582,1
RCA-00583,1
RCA-00584,1
RCA-00585,1
RCA-00586,1
RCA-00587,1
RCA-00588,1
RCA-00589,1
RCA-00590,1
RCA-00591,1
RCA-00592,1
RCA-00593,1
RCA-00594,1
RCA-00595,1
RCA-00596,1
RCA-00597,1
RCA-00598,1
RCA-00599,1
RCA-00600,1
RCA-00601,1
RCA-00602,1
RCA-00603,1
RCA-00604,1
RCA-00605,1
RCA-00606,1
RCA-00607,1
RCA-00608,1
RCA-00609,1
RCA-00610,1
RCA-00611,1
RCA-00612,1
RCA-00613,1
RCA-00614,1
RCA-00615,1
RCA-00616,1
RCA-00617,1
RCA-00618,1
RCA-00619,1
RCA-00620,1
RCA-00621,1
RCA-00622,1
RCA-00623,1
RCA-00624,1
RCA-00625,1
RCA-00626,1
RCA-00627,1
RCA-00628,1
RCA-00629,1
RCA-00630,1
RCA-00631,1
RCA-00632,1
RCA-00633,1
RCA-00634,1
RCA-00635,1
RCA-00636,1
RCA-00637,1
RCA-00638,1
RCA-00639,1
RCA-00640,1
RCA-00641,1
RCA-00642,1
RCA-00643,1
RCA-00644,1
RCA-00645,1
RCA-00646,1
RCA-00647,1
RCA-00648,1
RCA-00649,1
RCA-00650,1
RCA-00651,1
RCA-00652,1
RCA-00653,1
RCA-00654,1
RCA-00655,1
RCA-00656,1
RCA-00657,1
RCA-00658,1
RCA-00659,1
RCA-00660,1
RCA-00661,1
RCA-00662,1
RCA-00663,1
RCA-00664,1
RCA-00665,1
RCA-00666,1
RCA-00667,1
RCA-00668,1
RCA-00669,1
RCA-00670,1
RCA-00671,1
RCA-00672,1
RCA-00673,1
RCA-00674,1
RCA-00675,1
RCA-00676,1
RCA-00677,1
RCA-00678,1
RCA-00679,1
RCA-00680,1
RCA-00681,1
RCA-00682,1
RCA-00683,1
RCA-00684,1
RCA-00685,1
RCA-00686,1
RCA-00687,1
RCA-00688,1
RCA-00689,1
RCA-00690,1
RCA-00691,1
RCA-00692,1
RCA-00693,1
RCA-00694,1
RCA-00695,1
RCA-00696,1
RCA-00697,1
RCA-00698,1
RCA-00699,1
RCA-00700,1
RCA-00701,1
RCA-00702,1
RCA-00703,1
RCA-00704,1
RCA-00705,1
RCA-00706,1
RCA-00707,1
RCA-00708,1
RCA-00709,1
RCA-00710,1
RCA-00711,1
RCA-00712,1
RCA-00713,1
RCA-00714,1
RCA-00715,1
RCA-00716,1
RCA-00717,1
RCA-00718,1
RCA-00719,1
RCA-00720,1
RCA-00721,1
RCA-00722,1
RCA-00723,1
RCA-00724,1
RCA-00725,1
RCA-00726,1
RCA-00727,1
RCA-00728,1
RCA-00729,1
RCA-00730,1
RCA-00731,1
RCA-00732,1
RCA-00733,1
RCA-00734,1
RCA-00735,1
RCA-00736,1
RCA-00737,1
RCA-00738,1
RCA-00739,1
RCA-00740,1
RCA-00741,1
RCA-00742,1
RCA-00743,1
RCA-00744,1
RCA-00745,1
RCA-00746,1
RCA-00747,1
RCA-00748,1
RCA-00749,1
RCA-00750,1
RCA-00751,1
RCA-00752,1
RCA-00753,1
RCA-00754,1
RCA-00755,1
RCA-00756,1
RCA-00757,1
RCA-00758,1
RCA-00759,1
RCA-00760,1
RCA-00761,1
RCA-00762,1
RCA-00763,1
RCA-00764,1
RCA-00765,1
RCA-00766,1
RCA-00767,1
RCA-00768,1
RCA-00769,1
RCA-00770,1
RCA-00771,1
RCA-00772,1
RCA-00773,1
RCA-00774,1
RCA-00775,1
RCA-00776,1
RCA-00777,1
RCA-00778,1
RCA-00779,1
RCA-00780,1
RCA-00781,1
RCA-00782,1
RCA-00783,1
RCA-00784,1
RCA-00785,1
RCA-00786,1
RCA-00787,1
RCA-00788,1
RCA-00789,1
RCA-00790,1
RCA-00791,1
RCA-00792,1
RCA-00793,1
RCA-00794,1
RCA-00795,1
RCA-00796,1
RCA-00797,1
RCA-00798,1
RCA-00799,1
RCA-00800,1
RCA-00801,1
RCA-00802,1
RCA-00803,1
RCA-00804,1
RCA-00805,1
RCA-00806,1
RCA-00807,1
RCA-00808,1
RCA-00809,1
RCA-00810,1
RCA-00811,1
RCA-00812,1
RCA-00813,1
RCA-00814,1
RCA-00815,1
RCA-00816,1
RCA-00817,1
RCA-00818,1
RCA-00819,1
RCA-00820,1
RCA-00821,1
RCA-00822,1
RCA-00823,1
RCA-00824,1
RCA-00825,1
RCA-00826,1
RCA-00827,1
RCA-00828,1
RCA-00829,1
RCA-00830,1
RCA-00831,1
RCA-00832,1
RCA-00833,1
RCA-00834,1
RCA-00835,1
RCA-00836,1
RCA-00837,1
RCA-00838,1
RCA-00839,1
RCA-00840,1
RCA-00841,1
RCA-00842,1
RCA-00843,1
RCA-00844,1
RCA-00845,1
RCA-00846,1
RCA-00847,1
RCA-00848,1
RCA-00849,1
RCA-00850,1
RCA-00851,1
RCA-00852,1
RCA-00853,1
RCA-00854,1
RCA-00855,1
RCA-00856,1
RCA-00857,1
RCA-00858,1
RCA-00859,1
RCA-00860,1
RCA-00861,1
RCA-00862,1
RCA-00863,1
RCA-00864,1
RCA-00865,1
RCA-00866,1
RCA-00867,1
RCA-00868,1
RCA-00869,1
RCA-00870,1
RCA-00871,1
RCA-00872,1
RCA-00873,1
RCA-00874,1
RCA-00875,1
RCA-00876,1
RCA-00877,1
RCA-00878,1
RCA-00879,1
RCA-00880,1
RCA-00881,1
RCA-00882,1
RCA-00883,1
RCA-00884,1
RCA-00885,1
RCA-00886,1
RCA-00887,1
RCA-00888,1
RCA-00889,1
RCA-00890,1
RCA-00891,1
RCA-00892,1
RCA-00893,1
RCA-00894,1
RCA-00895,1
RCA-00896,1
RCA-00897,1
RCA-00898,1
RCA-00899,1
RCA-00900,1
RCA-00901,1
RCA-00902,1
RCA-00903,1
RCA-00904,1
RCA-00905,1
RCA-00906,1
RCA-00907,1
RCA-00908,1
RCA-00909,1
RCA-00910,1
RCA-00911,1
RCA-00912,1
RCA-00913,1
RCA-00914,1
RCA-00915,1
RCA-00916,1
RCA-00917,1
RCA-00918,1
RCA-00919,1
RCA-00920,1
RCA-00921,1
RCA-00922,1
RCA-00923,1
RCA-00924,1
RCA-00925,1
RCA-00926,1
RCA-00927,1
RCA-00928,1
RCA-00929,1
RCA-00930,1
RCA-00931,1
RCA-00932,1
RCA-00933,1
RCA-00934,1
RCA-00935,1
RCA-00936,1
RCA-00937,1
RCA-00938,1
RCA-00939,1
RCA-00940,1
RCA-00941,1
RCA-00942,1
RCA-00943,1
RCA-00944,1
RCA-00945,1
RCA-00946,1
RCA-00947,1
RCA-00948,1
RCA-00949,1
RCA-00950,1
RCA-00951,1
RCA-00952,1
RCA-00953,1
RCA-00954,1
RCA-00955,1
RCA-00956,1
RCA-00957,1
RCA-00958,1
RCA-00959,1
RCA-00960,1
RCA-00961,1
RCA-00962,1
RCA-00963,1
RCA-00964,1
RCA-00965,1
RCA-00966,1
RCA-00967,1
RCA-00968,1
RCA-00969,1
RCA-00970,1
RCA-00971,1
RCA-00972,1
RCA-00973,1
RCA-00974,1
RCA-00975,1
RCA-00976,1
RCA-00977,1
RCA-00978,1
RCA-00979,1
RCA-00980,1
RCA-00981,1
RCA-00982,1
RCA-00983,1
RCA-00984,1
RCA-00985,1
RCA-00986,1
RCA-00987,1
RCA-00988,1
RCA-00989,1
RCA-00990,1
RCA-00991,1
RCA-00992,1
RCA-00993,1
RCA-00994,1
RCA-00995,1
RCA-00996,1
RCA-00997,1
RCA-00998,1
RCA-00999,1
RCA-01000,1
RCA-01001,1
RCA-01002,1
RCA-01003,1
RCA-01004,1
RCA-01005,1
RCA-01006,1
RCA-01007,1
RCA-01008,1
RCA-01009,1
RCA-01010,1
RCA-01011,1
RCA-01012,1
RCA-01013,1
RCA-01014,1
RCA-01015,1
RCA-01016,1
RCA-01017,1
RCA-01018,1
RCA-01019,1
RCA-01020,1
RCA-01021,1
RCA-01022,1
RCA-01023,1
RCA-01024,1
RCA-01025,1
RCA-01026,1
RCA-01027,1
RCA-01028,1
RCA-01029,1
RCA-01030,1
RCA-01031,1
RCA-01032,1
RCA-01033,1
RCA-01034,1
RCA-01035,1
RCA-01036,1
RCA-01037,1
RCA-01038,1
RCA-01039,1
RCA-01040,1
RCA-01041,1
RCA-01042,1
RCA-01043,1
RCA-01044,1
RCA-01045,1
RCA-01046,1
RCA-01047,1
RCA-01048,1
RCA-01049,1
RCA-01050,1
RCA-01051,1
RCA-01052,1
RCA-01053,1
RCA-01054,1
RCA-01055,1
RCA-01056,1
RCA-01057,1
RCA-01058,1
RCA-01059,1
RCA-01060,1
RCA-01061,1
RCA-01062,1
RCA-01063,1
RCA-01064,1
RCA-01065,1
RCA-01066,1
RCA-01067,1
RCA-01068,1
RCA-01069,1
RCA-01070,1
RCA-01071,1
RCA-01072,1
RCA-01073,1
RCA-01074,1
RCA-01075,1
RCA-01076,1
RCA-01077,1
RCA-01078,1
RCA-01079,1
RCA-01080,1
RCA-01081,1
RCA-01082,1
RCA-01083,1
RCA-01084,1
RCA-01085,1
RCA-01086,1
RCA-01087,1
RCA-01088,1
RCA-01089,1
RCA-01090,1
RCA-01091,1
RCA-01092,1
RCA-01093,1
RCA-01094,1
RCA-01095,1
RCA-01096,1
RCA-01097,1
RCA-01098,1
RCA-01099,1
RCA-01100,1
RCA-01101,1
RCA-01102,1
RCA-01103,1
RCA-01104,1
RCA-01105,1
RCA-01106,1
RCA-01107,1
RCA-01108,1
RCA-01109,1
RCA-01110,1
RCA-01111,1
RCA-01112,1
RCA-01113,1
RCA-01114,1
RCA-01115,1
RCA-01116,1
RCA-01117,1
RCA-01118,1
RCA-01119,1
RCA-01120,1
RCA-01121,1
RCA-01122,1
RCA-01123,1
RCA-01124,1
RCA-01125,1
RCA-01126,1
RCA-01127,1
RCA-01128,1
RCA-01129,1
RCA-01130,1
RCA-01131,1
RCA-01132,1
RCA-01133,1
RCA-01134,1
RCA-01135,1
RCA-01136,1
RCA-01137,1
RCA-01138,1
RCA-01139,1
RCA-01140,1
RCA-01141,1
RCA-01142,1
RCA-01143,1
RCA-01144,1
RCA-01145,1
RCA-01146,1
RCA-01147,1
RCA-01148,1
RCA-01149,1
RCA-01150,1
RCA-01151,1
RCA-01152,1
RCA-01153,1
RCA-01154,1
RCA-01155,1
RCA-01156,1
RCA-01157,1
RCA-01158,1
RCA-01159,1
RCA-01160,1
RCA-01161,1
RCA-01162,1
RCA-01163,1
RCA-01164,1
RCA-01165,1
RCA-01166,1
RCA-01167,1
RCA-01168,1
RCA-01169,1
RCA-01170,1
RCA-01171,1
RCA-01172,1
RCA-01173,1
RCA-01174,1
RCA-01175,1
RCA-01176,1
RCA-01177,1
RCA-01178,1
RCA-01179,1
RCA-01180,1
RCA-01181,1
RCA-01182,1
RCA-01183,1
RCA-01184,1
RCA-01185,1
RCA-01186,1
RCA-01187,1
RCA-01188,1
RCA-01189,1
RCA-01190,1
RCA-01191,1
RCA-01192,1
RCA-01193,1
RCA-01194,1
RCA-01195,1
RCA-01196,1
RCA-01197,1
RCA-01198,1
RCA-01199,1
RCA-01200,1
RCA-01201,1
RCA-01202,1
RCA-01203,1
RCA-01204,1
RCA-01205,1
RCA-01206,1
RCA-01207,1
RCA-01208,1
RCA-01209,1
RCA-01210,1
RCA-01211,1
RCA-01212,1
RCA-01213,1
RCA-01214,1
RCA-01215,1
RCA-01216,1
RCA-01217,1
RCA-01218,1
RCA-01219,1
RCA-01220,1
RCA-01221,1
RCA-01222,1
RCA-01223,1
RCA-01224,1
RCA-01225,1
RCA-01226,1
RCA-01227,1
RCA-01228,1
RCA-01229,1
RCA-01230,1
RCA-01231,1
RCA-01232,1
RCA-01233,1
RCA-01234,1
RCA-01235,1
RCA-01236,1
RCA-01237,1
RCA-01238,1
RCA-01239,1
RCA-01240,1
RCA-01241,1
RCA-01242,1
RCA-01243,1
RCA-01244,1
RCA-01245,1
RCA-01246,1
RCA-01247,1
RCA-01248,1
RCA-01249,1
RCA-01250,1
RCA-01251,1
RCA-01252,1
RCA-01253,1
RCA-01254,1
RCA-01255,1
RCA-01256,1
RCA-01257,1
RCA-01258,1
RCA-01259,1
RCA-01260,1
RCA-01261,1
RCA-01262,1
RCA-01263,1
RCA-01264,1
RCA-01265,1
RCA-01266,1
RCA-01267,1
RCA-01268,1
RCA-01269,1
RCA-01270,1
RCA-01271,1
RCA-01272,1
RCA-01273,1
RCA-01274,1
RCA-01275,1
RCA-01276,1
RCA-01277,1
RCA-01278,1
RCA-01279,1
RCA-01280,1
RCA-01281,1
RCA-01282,1
RCA-01283,1
RCA-01284,1
RCA-01285,1
RCA-01286,1
RCA-01287,1
RCA-01288,1
RCA-01289,1
RCA-01290,1
RCA-01291,1
RCA-01292,1
RCA-01293,1
RCA-01294,1
RCA-01295,1
RCA-01296,1
RCA-01297,1
RCA-01298,1
RCA-01299,1
RCA-01300,1
RCA-01301,1
RCA-01302,1
RCA-01303,1
RCA-01304,1
RCA-01305,1
RCA-01306,1
RCA-01307,1
RCA-01308,1
RCA-01309,1
RCA-01310,1
RCA-01311,1
RCA-01312,1
RCA-01313,1
RCA-01314,1
RCA-01315,1
RCA-01316,1
RCA-01317,1
RCA-01318,1
RCA-01319,1
RCA-01320,1
RCA-01321,1
RCA-01322,1
RCA-01323,1
RCA-01324,1
RCA-01325,1
RCA-01326,1
RCA-01327,1
RCA-01328,1
RCA-01329,1
RCA-01330,1
RCA-01331,1
RCA-01332,1
RCA-01333,1
RCA-01334,1
RCA-01335,1
RCA-01336,1
RCA-01337,1
RCA-01338,1
RCA-01339,1
RCA-01340,1
RCA-01341,1
RCA-01342,1
RCA-01343,1
RCA-01344,1
RCA-01345,1
RCA-01346,1
RCA-01347,1
RCA-01348,1
RCA-01349,1
RCA-01350,1
RCA-01351,1
RCA-01352,1
RCA-01353,1
RCA-01354,1
RCA-01355,1
RCA-01356,1
RCA-01357,1
RCA-01358,1
RCA-01359,1
RCA-01360,1
RCA-01361,1
RCA-01362,1
RCA-01363,1
RCA-01364,1
RCA-01365,1
RCA-01366,1
RCA-01367,1
RCA-01368,1
RCA-01369,1
RCA-01370,1
RCA-01371,1
RCA-01372,1
RCA-01373,1
RCA-01374,1
RCA-01375,1
RCA-01376,1
RCA-01377,1
RCA-01378,1
RCA-01379,1
RCA-01380,1
RCA-01381,1
RCA-01382,1
RCA-01383,1
RCA-01384,1
RCA-01385,1
RCA-01386,1
RCA-01387,1
RCA-01388,1
RCA-01389,1
RCA-01390,1
RCA-01391,1
RCA-01392,1
RCA-01393,1
RCA-01394,1
RCA-01395,1
RCA-01396,1
RCA-01397,1
RCA-01398,1
RCA-01399,1
RCA-01400,1
RCA-01401,1
RCA-01402,1
RCA-01403,1
RCA-01404,1
RCA-01405,1
RCA-01406,1
RCA-01407,1
RCA-01408,1
RCA-01409,1
RCA-01410,1
RCA-01411,1
RCA-01412,1
RCA-01413,1
RCA-01414,1
RCA-01415,1
RCA-01416,1
RCA-01417,1
RCA-01418,1
RCA-01419,1
RCA-01420,1
RCA-01421,1
RCA-01422,1
RCA-01423,1
RCA-01424,1
RCA-01425,1
RCA-01426,1
RCA-01427,1
RCA-01428,1
RCA-01429,1
RCA-01430,1
RCA-01431,1
RCA-01432,1
RCA-01433,1
RCA-01434,1
RCA-01435,1
RCA-01436,1
RCA-01437,1
RCA-01438,1
RCA-01439,1
RCA-01440,1
RCA-01441,1
RCA-01442,1
RCA-01443,1
RCA-01444,1
RCA-01445,1
RCA-01446,1
RCA-01447,1
RCA-01448,1
RCA-01449,1
RCA-01450,1
RCA-01451,1
RCA-01452,1
RCA-01453,1
RCA-01454,1
RCA-01455,1
RCA-01456,1
RCA-01457,1
RCA-01458,1
RCA-01459,1
RCA-01460,1
RCA-01461,1
RCA-01462,1
RCA-01463,1
RCA-01464,1
RCA-01465,1
RCA-01466,1
RCA-01467,1
RCA-01468,1
RCA-01469,1
RCA-01470,1
RCA-01471,1
RCA-01472,1
RCA-01473,1
RCA-01474,1
RCA-01475,1
RCA-01476,1
RCA-01477,1
RCA-01478,1
RCA-01479,1
RCA-01480,1
RCA-01481,1
RCA-01482,1
RCA-01483,1
RCA-01484,1
RCA-01485,1
RCA-01486,1
RCA-01487,1
RCA-01488,1
RCA-01489,1
RCA-01490,1
RCA-01491,1
RCA-01492,1
RCA-01493,1
RCA-01494,1
RCA-01495,1
RCA-01496,1
RCA-01497,1
RCA-01498,1
RCA-01499,1
RCA-01500,1
RCA-01501,1
RCA-01502,1
RCA-01503,1
RCA-01504,1
RCA-01505,1
RCA-01506,1
RCA-01507,1
RCA-01508,1
RCA-01509,1
RCA-01510,1
RCA-01511,1
RCA-01512,1
RCA-01513,1
RCA-01514,1
RCA-01515,1
RCA-01516,1
RCA-01517,1
RCA-01518,1
RCA-01519,1
RCA-01520,1
RCA-01521,1
RCA-01522,1
RCA-01523,1
RCA-01524,1
RCA-01525,1
RCA-01526,1
RCA-01527,1
RCA-01528,1
RCA-01529,1
RCA-01530,1
RCA-01531,1
RCA-01532,1
RCA-01533,1
RCA-01534,1
RCA-01535,1
RCA-01536,1
RCA-01537,1
RCA-01538,1
RCA-01539,1
RCA-01540,1
RCA-01541,1
RCA-01542,1
RCA-01543,1
RCA-01544,1
RCA-01545,1
RCA-01546,1
RCA-01547,1
RCA-01548,1
RCA-01549,1
RCA-01550,1
RCA-01551,1
RCA-01552,1
RCA-01553,1
RCA-01554,1
RCA-01555,1
RCA-01556,1
RCA-01557,1
RCA-01558,1
RCA-01559,1
RCA-01560,1
RCA-01561,1
RCA-01562,1
RCA-01563,1
RCA-01564,1
RCA-01565,1
RCA-01566,1
RCA-01567,1
RCA-01568,1
RCA-01569,1
RCA-01570,1
RCA-01571,1
RCA-01572,1
RCA-01573,1
RCA-01574,1
RCA-01575,1
RCA-01576,1
RCA-01577,1
RCA-01578,1
RCA-01579,1
RCA-01580,1
RCA-01581,1
RCA-01582,1
RCA-01583,1
RCA-01584,1
RCA-01585,1
RCA-01586,1
RCA-01587,1
RCA-01588,1
RCA-01589,1
RCA-01590,1
RCA-01591,1
RCA-01592,1
RCA-01593,1
RCA-01594,1
RCA-01595,1
RCA-01596,1
RCA-01597,1
RCA-01598,1
RCA-01599,1
RCA-01600,1
RCA-01601,1
RCA-01602,1
RCA-01603,1
RCA-01604,1
RCA-01605,1
RCA-01606,1
RCA-01607,1
RCA-01608,1
RCA-01609,1
RCA-01610,1
RCA-01611,1
RCA-01612,1
RCA-01613,1
RCA-01614,1
RCA-01615,1
RCA-01616,1
RCA-01617,1
RCA-01618,1
RCA-01619,1
RCA-01620,1
RCA-01621,1
RCA-01622,1
RCA-01623,1
RCA-01624,1
RCA-01625,1
RCA-01626,1
RCA-01627,1
RCA-01628,1
RCA-01629,1
RCA-01630,1
RCA-01631,1
RCA-01632,1
RCA-01633,1
RCA-01634,1
RCA-01635,1
RCA-01636,1
RCA-01637,1
RCA-01638,1
RCA-01639,1
RCA-01640,1
RCA-01641,1
RCA-01642,1
RCA-01643,1
RCA-01644,1
RCA-01645,1
RCA-01646,1
RCA-01647,1
RCA-01648,1
RCA-01649,1
RCA-01650,1
RCA-01651,1
RCA-01652,1
RCA-01653,1
RCA-01654,1
RCA-01655,1
RCA-01656,1
RCA-01657,1
RCA-01658,1
RCA-01659,1
RCA-01660,1
RCA-01661,1
RCA-01662,1
RCA-01663,1
RCA-01664,1
RCA-01665,1
RCA-01666,1
RCA-01667,1
RCA-01668,1
RCA-01669,1
RCA-01670,1
RCA-01671,1
RCA-01672,1
RCA-01673,1
RCA-01674,1
RCA-01675,1
RCA-01676,1
RCA-01677,1
RCA-01678,1
RCA-01679,1
RCA-01680,1
RCA-01681,1
RCA-01682,1
RCA-01683,1
RCA-01684,1
RCA-01685,1
RCA-01686,1
RCA-01687,1
RCA-01688,1
RCA-01689,1
RCA-01690,1
RCA-01691,1
RCA-01692,1
RCA-01693,1
RCA-01694,1
RCA-01695,1
RCA-01696,1
RCA-01697,1
RCA-01698,1
RCA-01699,1
RCA-01700,1
RCA-01701,1
RCA-01702,1
RCA-01703,1
RCA-01704,1
RCA-01705,1
RCA-01706,1
RCA-01707,1
RCA-01708,1
RCA-01709,1
RCA-01710,1
RCA-01711,1
RCA-01712,1
RCA-01713,1
RCA-01714,1
RCA-01715,1
RCA-01716,1
RCA-01717,1
RCA-01718,1
RCA-01719,1
RCA-01720,1
RCA-01721,1
RCA-01722,1
RCA-01723,1
RCA-01724,1
RCA-01725,1
RCA-01726,1
RCA-01727,1
RCA-01728,1
RCA-01729,1
RCA-01730,1
RCA-01731,1
RCA-01732,1
RCA-01733,1
RCA-01734,1
RCA-01735,1
RCA-01736,1
RCA-01737,1
RCA-01738,1
RCA-01739,1
RCA-01740,1
RCA-01741,1
RCA-01742,1
RCA-01743,1
RCA-01744,1
RCA-01745,1
RCA-01746,1
RCA-01747,1
RCA-01748,1
RCA-01749,1
RCA-01750,1
RCA-01751,1
RCA-01752,1
RCA-01753,1
RCA-01754,1
RCA-01755,1
RCA-01756,1
RCA-01757,1
RCA-01758,1
RCA-01759,1
RCA-01760,1
RCA-01761,1
RCA-01762,1
RCA-01763,1
RCA-01764,1
RCA-01765,1
RCA-01766,1
RCA-01767,1
RCA-01768,1
RCA-01769,1
RCA-01770,1
RCA-01771,1
RCA-01772,1
RCA-01773,1
RCA-01774,1
RCA-01775,1
RCA-01776,1
RCA-01777,1
RCA-01778,1
RCA-01779,1
RCA-01780,1
RCA-01781,1
RCA-01782,1
RCA-01783,1
RCA-01784,1
RCA-01785,1
RCA-01786,1
RCA-01787,1
RCA-01788,1
RCA-01789,1
RCA-01790,1
RCA-01791,1
RCA-01792,1
RCA-01793,1
RCA-01794,1
RCA-01795,1
RCA-01796,1
RCA-01797,1
RCA-01798,1
RCA-01799,1
RCA-01800,1
RCA-01801,1
RCA-01802,1
RCA-01803,1
RCA-01804,1
RCA-01805,1
RCA-01806,1
RCA-01807,1
RCA-01808,1
RCA-01809,1
RCA-01810,1
RCA-01811,1
RCA-01812,1
RCA-01813,1
RCA-01814,1
RCA-01815,1
RCA-01816,1
RCA-01817,1
RCA-01818,1
RCA-01819,1
RCA-01820,1
RCA-01821,1
RCA-01822,1
RCA-01823,1
RCA-01824,1
RCA-01825,1
RCA-01826,1
RCA-01827,1
RCA-01828,1
RCA-01829,1
RCA-01830,1
RCA-01831,1
RCA-01832,1
RCA-01833,1
RCA-01834,1
RCA-01835,1
RCA-01836,1
RCA-01837,1
RCA-01838,1
RCA-01839,1
RCA-01840,1
RCA-01841,1
RCA-01842,1
RCA-01843,1
RCA-01844,1
RCA-01845,1
RCA-01846,1
RCA-01847,1
RCA-01848,1
RCA-01849,1
RCA-01850,1
RCA-01851,1
RCA-01852,1
RCA-01853,1
RCA-01854,1
RCA-01855,1
RCA-01856,1
RCA-01857,1
RCA-01858,1
RCA-01859,1
RCA-01860,1
RCA-01861,1
RCA-01862,1
RCA-01863,1
RCA-01864,1
RCA-01865,1
RCA-01866,1
RCA-01867,1
RCA-01868,1
RCA-01869,1
RCA-01870,1
RCA-01871,1
RCA-01872,1
RCA-01873,1
RCA-01874,1
RCA-01875,1
RCA-01876,1
RCA-01877,1
RCA-01878,1
RCA-01879,1
RCA-01880,1
RCA-01881,1
RCA-01882,1
RCA-01883,1
RCA-01884,1
RCA-01885,1
RCA-01886,1
RCA-01887,1
RCA-01888,1
RCA-01889,1
RCA-01890,1
RCA-01891,1
RCA-01892,1
RCA-01893,1
RCA-01894,1
RCA-01895,1
RCA-01896,1
RCA-01897,1
RCA-01898,1
RCA-01899,1
RCA-01900,1
RCA-01901,1
RCA-01902,1
RCA-01903,1
RCA-01904,1
RCA-01905,1
RCA-01906,1
RCA-01907,1
RCA-01908,1
RCA-01909,1
RCA-01910,1
RCA-01911,1
RCA-01912,1
RCA-01913,1
RCA-01914,1
RCA-01915,1
RCA-01916,1
RCA-01917,1
RCA-01918,1
RCA-01919,1
RCA-01920,1
RCA-01921,1
RCA-01922,1
RCA-01923,1
RCA-01924,1
RCA-01925,1
RCA-01926,1
RCA-01927,1
RCA-01928,1
RCA-01929,1
RCA-01930,1
RCA-01931,1
RCA-01932,1
RCA-01933,1
RCA-01934,1
RCA-01935,1
RCA-01936,1
RCA-01937,1
RCA-01938,1
RCA-01939,1
RCA-01940,1
RCA-01941,1
RCA-01942,1
RCA-01943,1
RCA-01944,1
RCA-01945,1
RCA-01946,1
RCA-01947,1
RCA-01948,1
RCA-01949,1
RCA-01950,1
RCA-01951,1
RCA-01952,1
RCA-01953,1
RCA-01954,1
RCA-01955,1
RCA-01956,1
RCA-01957,1
RCA-01958,1
RCA-01959,1
RCA-01960,1
RCA-01961,1
RCA-01962,1
RCA-01963,1
RCA-01964,1
RCA-01965,1
RCA-01966,1
RCA-01967,1
RCA-01968,1
RCA-01969,1
RCA-01970,1
RCA-01971,1
RCA-01972,1
RCA-01973,1
RCA-01974,1
RCA-01975,1
RCA-01976,1
RCA-01977,1
RCA-01978,1
RCA-01979,1
RCA-01980,1
RCA-01981,1
RCA-01982,1
RCA-01983,1
RCA-01984,1
RCA-01985,1
RCA-01986,1
RCA-01987,1
RCA-01988,1
RCA-01989,1
RCA-01990,1
RCA-01991,1
RCA-01992,1
RCA-01993,1
RCA-01994,1
RCA-01995,1
RCA-01996,1
RCA-01997,1
RCA-01998,1
RCA-01999,1
RCA-02000,1
RCA-02001,1
RCA-02002,1
RCA-02003,1
RCA-02004,1
RCA-02005,1
RCA-02006,1
RCA-02007,1
RCA-02008,1
RCA-02009,1
RCA-02010,1
RCA-02011,1
RCA-02012,1
RCA-02013,1
RCA-02014,1
RCA-02015,1
RCA-02016,1
RCA-02017,1
RCA-02018,1
RCA-02019,1
RCA-02020,1
RCA-02021,1
RCA-02022,1
RCA-02023,1
RCA-02024,1
RCA-02025,1
RCA-02026,1
RCA-02027,1
RCA-02028,1
RCA-02029,1
RCA-02030,1
RCA-02031,1
RCA-02032,1
RCA-02033,1
RCA-02034,1
RCA-02035,1
RCA-02036,1
RCA-02037,1
RCA-02038,1
RCA-02039,1
RCA-02040,1
RCA-02041,1
RCA-02042,1
RCA-02043,1
RCA-02044,1
RCA-02045,1
RCA-02046,1
RCA-02047,1
RCA-02048,1
RCA-02049,1
RCA-02050,1
RCA-02051,1
RCA-02052,1
RCA-02053,1
RCA-02054,1
RCA-02055,1
RCA-02056,1
RCA-02057,1
RCA-02058,1
RCA-02059,1
RCA-02060,1
RCA-02061,1
RCA-02062,1
RCA-02063,1
RCA-02064,1
RCA-02065,1
RCA-02066,1
RCA-02067,1
RCA-02068,1
RCA-02069,1
RCA-02070,1
RCA-02071,1
RCA-02072,1
RCA-02073,1
RCA-02074,1
RCA-02075,1
RCA-02076,1
RCA-02077,1
RCA-02078,1
RCA-02079,1
RCA-02080,1
RCA-02081,1
RCA-02082,1
RCA-02083,1
RCA-02084,1
RCA-02085,1
RCA-02086,1
RCA-02087,1
RCA-02088,1
RCA-02089,1
RCA-02090,1
RCA-02091,1
RCA-02092,1
RCA-02093,1
RCA-02094,1
RCA-02095,1
RCA-02096,1
RCA-02097,1
RCA-02098,1
RCA-02099,1
RCA-02100,1
RCA-02101,1
RCA-02102,1
RCA-02103,1
RCA-02104,1
RCA-02105,1
RCA-02106,1
RCA-02107,1
RCA-02108,1
RCA-02109,1
RCA-02110,1
RCA-02111,1
RCA-02112,1
RCA-02113,1
RCA-02114,1
RCA-02115,1
RCA-02116,1
RCA-02117,1
RCA-02118,1
RCA-02119,1
RCA-02120,1
RCA-02121,1
RCA-02122,1
RCA-02123,1
RCA-02124,1
RCA-02125,1
RCA-02126,1
RCA-02127,1
RCA-02128,1
RCA-02129,1
RCA-02130,1
RCA-02131,1
RCA-02132,1
RCA-02133,1
RCA-02134,1
RCA-02135,1
RCA-02136,1
RCA-02137,1
RCA-02138,1
RCA-02139,1
RCA-02140,1
RCA-02141,1
RCA-02142,1
RCA-02143,1
RCA-02144,1
RCA-02145,1
RCA-02146,1
RCA-02147,1
RCA-02148,1
RCA-02149,1
RCA-02150,1
RCA-02151,1
RCA-02152,1
RCA-02153,1
RCA-02154,1
RCA-02155,1
RCA-02156,1
RCA-02157,1
RCA-02158,1
RCA-02159,1
RCA-02160,1
RCA-02161,1
RCA-02162,1
RCA-02163,1
RCA-02164,1
RCA-02165,1
RCA-02166,1
RCA-02167,1
RCA-02168,1
RCA-02169,1
RCA-02170,1
RCA-02171,1
RCA-02172,1
RCA-02173,1
RCA-02174,1
RCA-02175,1
RCA-02176,1
RCA-02177,1
RCA-02178,1
RCA-02179,1
RCA-02180,1
RCA-02181,1
RCA-02182,1
RCA-02183,1
RCA-02184,1
RCA-02185,1
RCA-02186,1
RCA-02187,1
RCA-02188,1
RCA-02189,1
RCA-02190,1
RCA-02191,1
RCA-02192,1
RCA-02193,1
RCA-02194,1
RCA-02195,1
RCA-02196,1
RCA-02197,1
RCA-02198,1
RCA-02199,1
RCA-02200,1
RCA-02201,1
RCA-02202,1
RCA-02203,1
RCA-02204,1
RCA-02205,1
RCA-02206,1
RCA-02207,1
RCA-02208,1
RCA-02209,1
RCA-02210,1
RCA-02211,1
RCA-02212,1
RCA-02213,1
RCA-02214,1
RCA-02215,1
RCA-02216,1
RCA-02217,1
RCA-02218,1
RCA-02219,1
RCA-02220,1
RCA-02221,1
RCA-02222,1
RCA-02223,1
RCA-02224,1
RCA-02225,1
RCA-02226,1
RCA-02227,1
RCA-02228,1
RCA-02229,1
RCA-02230,1
RCA-02231,1
RCA-02232,1
RCA-02233,1
RCA-02234,1
RCA-02235,1
RCA-02236,1
RCA-02237,1
RCA-02238,1
RCA-02239,1
RCA-02240,1
RCA-02241,1
RCA-02242,1
RCA-02243,1
RCA-02244,1
RCA-02245,1
RCA-02246,1
RCA-02247,1
RCA-02248,1
RCA-02249,1
RCA-02250,1
RCA-02251,1
RCA-02252,1
RCA-02253,1
RCA-02254,1
RCA-02255,1
RCA-02256,1
RCA-02257,1
RCA-02258,1
RCA-02259,1
RCA-02260,1
RCA-02261,1
RCA-02262,1
RCA-02263,1
RCA-02264,1
RCA-02265,1
RCA-02266,1
RCA-02267,1
RCA-02268,1
RCA-02269,1
RCA-02270,1
RCA-02271,1
RCA-02272,1
RCA-02273,1
RCA-02274,1
RCA-02275,1
RCA-02276,1
RCA-02277,1
RCA-02278,1
RCA-02279,1
RCA-02280,1
RCA-02281,1
RCA-02282,1
RCA-02283,1
RCA-02284,1
RCA-02285,1
RCA-02286,1
RCA-02287,1
RCA-02288,1
RCA-02289,1
RCA-02290,1
RCA-02291,1
RCA-02292,1
RCA-02293,1
RCA-02294,1
RCA-02295,1
RCA-02296,1
RCA-02297,1
RCA-02298,1
RCA-02299,1
RCA-02300,1
RCA-02301,1
RCA-02302,1
RCA-02303,1
RCA-02304,1
RCA-02305,1
RCA-02306,1
RCA-02307,1
RCA-02308,1
RCA-02309,1
RCA-02310,1
RCA-02311,1
RCA-02312,1
RCA-02313,1
RCA-02314,1
RCA-02315,1
RCA-02316,1
RCA-02317,1
RCA-02318,1
RCA-02319,1
RCA-02320,1
RCA-02321,1
RCA-02322,1
RCA-02323,1
RCA-02324,1
RCA-02325,1
RCA-02326,1
RCA-02327,1
RCA-02328,1
RCA-02329,1
RCA-02330,1
RCA-02331,1
RCA-02332,1
RCA-02333,1
RCA-02334,1
RCA-02335,1
RCA-02336,1
RCA-02337,1
RCA-02338,1
RCA-02339,1
RCA-02340,1
RCA-02341,1
RCA-02342,1
RCA-02343,1
RCA-02344,1
RCA-02345,1
RCA-02346,1
RCA-02347,1
RCA-02348,1
RCA-02349,1
RCA-02350,1
RCA-02351,1
RCA-02352,1
RCA-02353,1
RCA-02354,1
RCA-02355,1
RCA-02356,1
RCA-02357,1
RCA-02358,1
RCA-02359,1
RCA-02360,1
RCA-02361,1
RCA-02362,1
RCA-02363,1
RCA-02364,1
RCA-02365,1
RCA-02366,1
RCA-02367,1
RCA-02368,1
RCA-02369,1
RCA-02370,1
RCA-02371,1
RCA-02372,1
RCA-02373,1
RCA-02374,1
RCA-02375,1
RCA-02376,1
RCA-02377,1
RCA-02378,1
RCA-02379,1
RCA-02380,1
RCA-02381,1
RCA-02382,1
RCA-02383,1
RCA-02384,1
RCA-02385,1
RCA-02386,1
RCA-02387,1
RCA-02388,1
RCA-02389,1
RCA-02390,1
RCA-02391,1
RCA-02392,1
RCA-02393,1
RCA-02394,1
RCA-02395,1
RCA-02396,1
RCA-02397,1
RCA-02398,1
RCA-02399,1
RCA-02400,1
RCA-02401,1
RCA-02402,1
RCA-02403,1
RCA-02404,1
RCA-02405,1
RCA-02406,1
RCA-02407,1
RCA-02408,1
RCA-02409,1
RCA-02410,1
RCA-02411,1
RCA-02412,1
RCA-02413,1
RCA-02414,1
RCA-02415,1
RCA-02416,1
RCA-02417,1
RCA-02418,1
RCA-02419,1
RCA-02420,1
RCA-02421,1
RCA-02422,1
RCA-02423,1
RCA-02424,1
RCA-02425,1
RCA-02426,1
RCA-02427,1
RCA-02428,1
RCA-02429,1
RCA-02430,1
RCA-02431,1
RCA-02432,1
RCA-02433,1
RCA-02434,1
RCA-02435,1
RCA-02436,1
RCA-02437,1
RCA-02438,1
RCA-02439,1
RCA-02440,1
RCA-02441,1
RCA-02442,1
RCA-02443,1
RCA-02444,1
RCA-02445,1
RCA-02446,1
RCA-02447,1
RCA-02448,1
RCA-02449,1
RCA-02450,1
RCA-02451,1
RCA-02452,1
RCA-02453,1
RCA-02454,1
RCA-02455,1
RCA-02456,1
RCA-02457,1
RCA-02458,1
RCA-02459,1
RCA-02460,1
RCA-02461,1
RCA-02462,1
RCA-02463,1
RCA-02464,1
RCA-02465,1
RCA-02466,1
RCA-02467,1
RCA-02468,1
RCA-02469,1
RCA-02470,1
RCA-02471,1
RCA-02472,1
RCA-02473,1
RCA-02474,1
RCA-02475,1
RCA-02476,1
RCA-02477,1
RCA-02478,1
RCA-02479,1
RCA-02480,1
RCA-02481,1
RCA-02482,1
RCA-02483,1
RCA-02484,1
RCA-02485,1
RCA-02486,1
RCA-02487,1
RCA-02488,1
RCA-02489,1
RCA-02490,1
RCA-02491,1
RCA-02492,1
RCA-02493,1
RCA-02494,1
RCA-02495,1
RCA-02496,1
RCA-02497,1
RCA-02498,1
RCA-02499,1
RCA-02500,1
RCA-02501,1
RCA-02502,1
RCA-02503,1
RCA-02504,1
RCA-02505,1
RCA-02506,1
RCA-02507,1
RCA-02508,1
RCA-02509,1
RCA-02510,1
RCA-02511,1
RCA-02512,1
RCA-02513,1
RCA-02514,1
RCA-02515,1
RCA-02516,1
RCA-02517,1
RCA-02518,1
RCA-02519,1
RCA-02520,1
RCA-02521,1
RCA-02522,1
RCA-02523,1
RCA-02524,1
RCA-02525,1
RCA-02526,1
RCA-02527,1
RCA-02528,1
RCA-02529,1
RCA-02530,1
RCA-02531,1
RCA-02532,1
RCA-02533,1
RCA-02534,1
RCA-02535,1
RCA-02536,1
RCA-02537,1
RCA-02538,1
RCA-02539,1
RCA-02540,1
RCA-02541,1
RCA-02542,1
RCA-02543,1
RCA-02544,1
RCA-02545,1
RCA-02546,1
RCA-02547,1
RCA-02548,1
RCA-02549,1
RCA-02550,1
RCA-02551,1
RCA-02552,1
RCA-02553,1
RCA-02554,1
RCA-02555,1
RCA-02556,1
RCA-02557,1
RCA-02558,1
RCA-02559,1
RCA-02560,1
RCA-02561,1
RCA-02562,1
RCA-02563,1
RCA-02564,1
RCA-02565,1
RCA-02566,1
RCA-02567,1
RCA-02568,1
RCA-02569,1
RCA-02570,1
RCA-02571,1
RCA-02572,1
RCA-02573,1
RCA-02574,1
RCA-02575,1
RCA-02576,1
RCA-02577,1
RCA-02578,1
RCA-02579,1
RCA-02580,1
RCA-02581,1
RCA-02582,1
RCA-02583,1
RCA-02584,1
RCA-02585,1
RCA-02586,1
RCA-02587,1
RCA-02588,1
RCA-02589,1
RCA-02590,1
RCA-02591,1
RCA-02592,1
RCA-02593,1
RCA-02594,1
RCA-02595,1
RCA-02596,1
RCA-02597,1
RCA-02598,1
RCA-02599,1
RCA-02600,1
RCA-02601,1
RCA-02602,1
RCA-02603,1
RCA-02604,1
RCA-02605,1
RCA-02606,1
RCA-02607,1
RCA-02608,1
RCA-02609,1
RCA-02610,1
RCA-02611,1
RCA-02612,1
RCA-02613,1
RCA-02614,1
RCA-02615,1
RCA-02616,1
RCA-02617,1
RCA-02618,1
RCA-02619,1
RCA-02620,1
RCA-02621,1
RCA-02622,1
RCA-02623,1
RCA-02624,1
RCA-02625,1
RCA-02626,1
RCA-02627,1
RCA-02628,1
RCA-02629,1
RCA-02630,1
RCA-02631,1
RCA-02632,1
RCA-02633,1
RCA-02634,1
RCA-02635,1
RCA-02636,1
RCA-02637,1
RCA-02638,1
RCA-02639,1
RCA-02640,1
RCA-02641,1
RCA-02642,1
RCA-02643,1
RCA-02644,1
RCA-02645,1
RCA-02646,1
RCA-02647,1
RCA-02648,1
RCA-02649,1
RCA-02650,1
RCA-02651,1
RCA-02652,1
RCA-02653,1
RCA-02654,1
RCA-02655,1
RCA-02656,1
RCA-02657,1
RCA-02658,1
RCA-02659,1
RCA-02660,1
RCA-02661,1
RCA-02662,1
RCA-02663,1
RCA-02664,1
RCA-02665,1
RCA-02666,1
RCA-02667,1
RCA-02668,1
RCA-02669,1
RCA-02670,1
RCA-02671,1
RCA-02672,1
RCA-02673,1
RCA-02674,1
RCA-02675,1
RCA-02676,1
RCA-02677,1
RCA-02678,1
RCA-02679,1
RCA-02680,1
RCA-02681,1
RCA-02682,1
RCA-02683,1
RCA-02684,1
RCA-02685,1
RCA-02686,1
RCA-02687,1
RCA-02688,1
RCA-02689,1
RCA-02690,1
RCA-02691,1
RCA-02692,1
RCA-02693,1
RCA-02694,1
RCA-02695,1
RCA-02696,1
RCA-02697,1
RCA-02698,1
RCA-02699,1
RCA-02700,1
RCA-02701,1
RCA-02702,1
RCA-02703,1
RCA-02704,1
RCA-02705,1
RCA-02706,1
RCA-02707,1
RCA-02708,1
RCA-02709,1
RCA-02710,1
RCA-02711,1
RCA-02712,1
RCA-02713,1
RCA-02714,1
RCA-02715,1
RCA-02716,1
RCA-02717,1
RCA-02718,1
RCA-02719,1
RCA-02720,1
RCA-02721,1
RCA-02722,1
RCA-02723,1
RCA-02724,1
RCA-02725,1
RCA-02726,1
RCA-02727,1
RCA-02728,1
RCA-02729,1
RCA-02730,1
RCA-02731,1
RCA-02732,1
RCA-02733,1
RCA-02734,1
RCA-02735,1
RCA-02736,1
RCA-02737,1
RCA-02738,1
RCA-02739,1
RCA-02740,1
RCA-02741,1
RCA-02742,1
RCA-02743,1
RCA-02744,1
RCA-02745,1
RCA-02746,1
RCA-02747,1
RCA-02748,1
RCA-02749,1
RCA-02750,1
RCA-02751,1
RCA-02752,1
RCA-02753,1
RCA-02754,1
RCA-02755,1
RCA-02756,1
RCA-02757,1
RCA-02758,1
RCA-02759,1
RCA-02760,1
RCA-02761,1
RCA-02762,1
RCA-02763,1
RCA-02764,1
RCA-02765,1
RCA-02766,1
RCA-02767,1
RCA-02768,1
RCA-02769,1
RCA-02770,1
RCA-02771,1
RCA-02772,1
RCA-02773,1
RCA-02774,1
RCA-02775,1
RCA-02776,1
RCA-02777,1
RCA-02778,1
RCA-02779,1
RCA-02780,1
RCA-02781,1
RCA-02782,1
RCA-02783,1
RCA-02784,1
RCA-02785,1
RCA-02786,1
RCA-02787,1
RCA-02788,1
RCA-02789,1
RCA-02790,1
RCA-02791,1
RCA-02792,1
RCA-02793,1
RCA-02794,1
RCA-02795,1
RCA-02796,1
RCA-02797,1
RCA-02798,1
RCA-02799,1
RCA-02800,1
RCA-02801,1
RCA-02802,1
RCA-02803,1
RCA-02804,1
RCA-02805,1
RCA-02806,1
RCA-02807,1
RCA-02808,1
RCA-02809,1
RCA-02810,1
RCA-02811,1
RCA-02812,1
RCA-02813,1
RCA-02814,1
RCA-02815,1
RCA-02816,1
RCA-02817,1
RCA-02818,1
RCA-02819,1
RCA-02820,1
RCA-02821,1
RCA-02822,1
RCA-02823,1
RCA-02824,1
RCA-02825,1
RCA-02826,1
RCA-02827,1
RCA-02828,1
RCA-02829,1
RCA-02830,1
RCA-02831,1
RCA-02832,1
RCA-02833,1
RCA-02834,1
RCA-02835,1
RCA-02836,1
RCA-02837,1
RCA-02838,1
RCA-02839,1
RCA-02840,1
RCA-02841,1
RCA-02842,1
RCA-02843,1
RCA-02844,1
RCA-02845,1
RCA-02846,1
RCA-02847,1
RCA-02848,1
RCA-02849,1
RCA-02850,1
RCA-02851,1
RCA-02852,1
RCA-02853,1
RCA-02854,1
RCA-02855,1
RCA-02856,1
RCA-02857,1
RCA-02858,1
RCA-02859,1
RCA-02860,1
RCA-02861,1
RCA-02862,1
RCA-02863,1
RCA-02864,1
RCA-02865,1
RCA-02866,1
RCA-02867,1
RCA-02868,1
RCA-02869,1
RCA-02870,1
RCA-02871,1
RCA-02872,1
RCA-02873,1
RCA-02874,1
RCA-02875,1
RCA-02876,1
RCA-02877,1
RCA-02878,1
RCA-02879,1
RCA-02880,1
RCA-02881,1
RCA-02882,1
RCA-02883,1
RCA-02884,1
RCA-02885,1
RCA-02886,1
RCA-02887,1
RCA-02888,1
RCA-02889,1
RCA-02890,1
RCA-02891,1
RCA-02892,1
RCA-02893,1
RCA-02894,1
RCA-02895,1
RCA-02896,1
RCA-02897,1
RCA-02898,1
RCA-02899,1
RCA-02900,1
RCA-02901,1
RCA-02902,1
RCA-02903,1
RCA-02904,1
RCA-02905,1
RCA-02906,1
RCA-02907,1
RCA-02908,1
RCA-02909,1
RCA-02910,1
RCA-02911,1
RCA-02912,1
RCA-02913,1
RCA-02914,1
RCA-02915,1
RCA-02916,1
RCA-02917,1
RCA-02918,1
RCA-02919,1
RCA-02920,1
RCA-02921,1
RCA-02922,1
RCA-02923,1
RCA-02924,1
RCA-02925,1
RCA-02926,1
RCA-02927,1
RCA-02928,1
RCA-02929,1
RCA-02930,1
RCA-02931,1
RCA-02932,1
RCA-02933,1
RCA-02934,1
RCA-02935,1
RCA-02936,1
RCA-02937,1
RCA-02938,1
RCA-02939,1
RCA-02940,1
RCA-02941,1
RCA-02942,1
RCA-02943,1
RCA-02944,1
RCA-02945,1
RCA-02946,1
RCA-02947,1
RCA-02948,1
RCA-02949,1
RCA-02950,1
RCA-02951,1
RCA-02952,1
RCA-02953,1
RCA-02954,1
RCA-02955,1
RCA-02956,1
RCA-02957,1
RCA-02958,1
RCA-02959,1
RCA-02960,1
RCA-02961,1
RCA-02962,1
RCA-02963,1
RCA-02964,1
RCA-02965,1
RCA-02966,1
RCA-02967,1
RCA-02968,1
RCA-02969,1
RCA-02970,1
RCA-02971,1
RCA-02972,1
RCA-02973,1
RCA-02974,1
RCA-02975,1
RCA-02976,1
RCA-02977,1
RCA-02978,1
RCA-02979,1
RCA-02980,1
RCA-02981,1
RCA-02982,1
RCA-02983,1
RCA-02984,1
RCA-02985,1
RCA-02986,1
RCA-02987,1
RCA-02988,1
RCA-02989,1
RCA-02990,1
RCA-02991,1
RCA-02992,1
RCA-02993,1
RCA-02994,1
RCA-02995,1
RCA-02996,1
RCA-02997,1
RCA-02998,1
RCA-02999,1
RCA-03000,1
RCA-03001,1
RCA-03002,1
RCA-03003,1
RCA-03004,1
RCA-03005,1
RCA-03006,1
RCA-03007,1
RCA-03008,1
RCA-03009,1
RCA-03010,1
RCA-03011,1
RCA-03012,1
RCA-03013,1
RCA-03014,1
RCA-03015,1
RCA-03016,1
RCA-03017,1
RCA-03018,1
RCA-03019,1
RCA-03020,1
RCA-03021,1
RCA-03022,1
RCA-03023,1
RCA-03024,1
RCA-03025,1
RCA-03026,1
RCA-03027,1
RCA-03028,1
RCA-03029,1
RCA-03030,1
RCA-03031,1
RCA-03032,1
RCA-03033,1
RCA-03034,1
RCA-03035,1
RCA-03036,1
RCA-03037,1
RCA-03038,1
RCA-03039,1
RCA-03040,1
RCA-03041,1
RCA-03042,1
RCA-03043,1
RCA-03044,1
RCA-03045,1
RCA-03046,1
RCA-03047,1
RCA-03048,1
RCA-03049,1
RCA-03050,1
RCA-03051,1
RCA-03052,1
RCA-03053,1
RCA-03054,1
RCA-03055,1
RCA-03056,1
RCA-03057,1
RCA-03058,1
RCA-03059,1
RCA-03060,1
RCA-03061,1
RCA-03062,1
RCA-03063,1
RCA-03064,1
RCA-03065,1
RCA-03066,1
RCA-03067,1
RCA-03068,1
RCA-03069,1
RCA-03070,1
RCA-03071,1
RCA-03072,1
RCA-03073,1
RCA-03074,1
RCA-03075,1
RCA-03076,1
RCA-03077,1
RCA-03078,1
RCA-03079,1
RCA-03080,1
RCA-03081,1
RCA-03082,1
RCA-03083,1
RCA-03084,1
RCA-03085,1
RCA-03086,1
RCA-03087,1
RCA-03088,1
RCA-03089,1
RCA-03090,1
RCA-03091,1
RCA-03092,1
RCA-03093,1
RCA-03094,1
RCA-03095,1
RCA-03096,1
RCA-03097,1
RCA-03098,1
RCA-03099,1
RCA-03100,1
RCA-03101,1
RCA-03102,1
RCA-03103,1
RCA-03104,1
RCA-03105,1
RCA-03106,1
RCA-03107,1
RCA-03108,1
RCA-03109,1
RCA-03110,1
RCA-03111,1
RCA-03112,1
RCA-03113,1
RCA-03114,1
RCA-03115,1
RCA-03116,1
RCA-03117,1
RCA-03118,1
RCA-03119,1
RCA-03120,1
RCA-03121,1
RCA-03122,1
RCA-03123,1
RCA-03124,1
RCA-03125,1
RCA-03126,1
RCA-03127,1
RCA-03128,1
RCA-03129,1
RCA-03130,1
RCA-03131,1
RCA-03132,1
RCA-03133,1
RCA-03134,1
RCA-03135,1
RCA-03136,1
RCA-03137,1
RCA-03138,1
RCA-03139,1
RCA-03140,1
RCA-03141,1
RCA-03142,1
RCA-03143,1
RCA-03144,1
RCA-03145,1
RCA-03146,1
RCA-03147,1
RCA-03148,1
RCA-03149,1
RCA-03150,1
RCA-03151,1
RCA-03152,1
RCA-03153,1
RCA-03154,1
RCA-03155,1
RCA-03156,1
RCA-03157,1
RCA-03158,1
RCA-03159,1
RCA-03160,1
RCA-03161,1
RCA-03162,1
RCA-03163,1
RCA-03164,1
RCA-03165,1
RCA-03166,1
RCA-03167,1
RCA-03168,1
RCA-03169,1
RCA-03170,1
RCA-03171,1
RCA-03172,1
RCA-03173,1
RCA-03174,1
RCA-03175,1
RCA-03176,1
RCA-03177,1
RCA-03178,1
RCA-03179,1
RCA-03180,1
RCA-03181,1
RCA-03182,1
RCA-03183,1
RCA-03184,1
RCA-03185,1
RCA-03186,1
RCA-03187,1
RCA-03188,1
RCA-03189,1
RCA-03190,1
RCA-03191,1
RCA-03192,1
RCA-03193,1
RCA-03194,1
RCA-03195,1
RCA-03196,1
RCA-03197,1
RCA-03198,1
RCA-03199,1
RCA-03200,1
RCA-03201,1
RCA-03202,1
RCA-03203,1
RCA-03204,1
RCA-03205,1
RCA-03206,1
RCA-03207,1
RCA-03208,1
RCA-03209,1
RCA-03210,1
RCA-03211,1
RCA-03212,1
RCA-03213,1
RCA-03214,1
RCA-03215,1
RCA-03216,1
RCA-03217,1
RCA-03218,1
RCA-03219,1
RCA-03220,1
RCA-03221,1
RCA-03222,1
RCA-03223,1
RCA-03224,1
RCA-03225,1
RCA-03226,1
RCA-03227,1
RCA-03228,1
RCA-03229,1
RCA-03230,1
RCA-03231,1
RCA-03232,1
RCA-03233,1
RCA-03234,1
RCA-03235,1
RCA-03236,1
RCA-03237,1
RCA-03238,1
RCA-03239,1
RCA-03240,1
RCA-03241,1
RCA-03242,1
RCA-03243,1
RCA-03244,1
RCA-03245,1
RCA-03246,1
RCA-03247,1
RCA-03248,1
RCA-03249,1
RCA-03250,1
RCA-03251,1
RCA-03252,1
RCA-03253,1
RCA-03254,1
RCA-03255,1
RCA-03256,1
RCA-03257,1
RCA-03258,1
RCA-03259,1
RCA-03260,1
RCA-03261,1
RCA-03262,1
RCA-03263,1
RCA-03264,1
RCA-03265,1
RCA-03266,1
RCA-03267,1
RCA-03268,1
RCA-03269,1
RCA-03270,1
RCA-03271,1
RCA-03272,1
RCA-03273,1
RCA-03274,1
RCA-03275,1
RCA-03276,1
RCA-03277,1
RCA-03278,1
RCA-03279,1
RCA-03280,1
RCA-03281,1
RCA-03282,1
RCA-03283,1
RCA-03284,1
RCA-03285,1
RCA-03286,1
RCA-03287,1
RCA-03288,1
RCA-03289,1
RCA-03290,1
RCA-03291,1
RCA-03292,1
RCA-03293,1
RCA-03294,1
RCA-03295,1
RCA-03296,1
RCA-03297,1
RCA-03298,1
RCA-03299,1
RCA-03300,1
RCA-03301,1
RCA-03302,1
RCA-03303,1
RCA-03304,1
RCA-03305,1
RCA-03306,1
RCA-03307,1
RCA-03308,1
RCA-03309,1
RCA-03310,1
RCA-03311,1
RCA-03312,1
RCA-03313,1
RCA-03314,1
RCA-03315,1
RCA-03316,1
RCA-03317,1
RCA-03318,1
RCA-03319,1
RCA-03320,1
RCA-03321,1
RCA-03322,1
RCA-03323,1
RCA-03324,1
RCA-03325,1
RCA-03326,1
RCA-03327,1
RCA-03328,1
RCA-03329,1
RCA-03330,1
RCA-03331,1
RCA-03332,1
RCA-03333,1
RCA-03334,1
RCA-03335,1
RCA-03336,1
RCA-03337,1
RCA-03338,1
RCA-03339,1
RCA-03340,1
RCA-03341,1
RCA-03342,1
RCA-03343,1
RCA-03344,1
RCA-03345,1
RCA-03346,1
RCA-03347,1
RCA-03348,1
RCA-03349,1
RCA-03350,1
RCA-03351,1
RCA-03352,1
RCA-03353,1
RCA-03354,1
RCA-03355,1
RCA-03356,1
RCA-03357,1
RCA-03358,1
RCA-03359,1
RCA-03360,1
RCA-03361,1
RCA-03362,1
RCA-03363,1
RCA-03364,1
RCA-03365,1
RCA-03366,1
RCA-03367,1
RCA-03368,1
RCA-03369,1
RCA-03370,1
RCA-03371,1
RCA-03372,1
RCA-03373,1
RCA-03374,1
RCA-03375,1
RCA-03376,1
RCA-03377,1
RCA-03378,1
RCA-03379,1
RCA-03380,1
RCA-03381,1
RCA-03382,1
RCA-03383,1
RCA-03384,1
RCA-03385,1
RCA-03386,1
RCA-03387,1
RCA-03388,1
RCA-03389,1
RCA-03390,1
RCA-03391,1
RCA-03392,1
RCA-03393,1
RCA-03394,1
RCA-03395,1
RCA-03396,1
RCA-03397,1
RCA-03398,1
RCA-03399,1
RCA-03400,1
RCA-03401,1
RCA-03402,1
RCA-03403,1
RCA-03404,1
RCA-03405,1
RCA-03406,1
RCA-03407,1
RCA-03408,1
RCA-03409,1
RCA-03410,1
RCA-03411,1
RCA-03412,1
RCA-03413,1
RCA-03414,1
RCA-03415,1
RCA-03416,1
RCA-03417,1
RCA-03418,1
RCA-03419,1
RCA-03420,1
RCA-03421,1
RCA-03422,1
RCA-03423,1
RCA-03424,1
RCA-03425,1
RCA-03426,1
RCA-03427,1
RCA-03428,1
RCA-03429,1
RCA-03430,1
RCA-03431,1
RCA-03432,1
RCA-03433,1
RCA-03434,1
RCA-03435,1
RCA-03436,1
RCA-03437,1
RCA-03438,1
RCA-03439,1
RCA-03440,1
RCA-03441,1
RCA-03442,1
RCA-03443,1
RCA-03444,1
RCA-03445,1
RCA-03446,1
RCA-03447,1
RCA-03448,1
RCA-03449,1
RCA-03450,1
RCA-03451,1
RCA-03452,1
RCA-03453,1
RCA-03454,1
RCA-03455,1
RCA-03456,1
RCA-03457,1
RCA-03458,1
RCA-03459,1
RCA-03460,1
RCA-03461,1
RCA-03462,1
RCA-03463,1
RCA-03464,1
RCA-03465,1
RCA-03466,1
RCA-03467,1
RCA-03468,1
RCA-03469,1
RCA-03470,1
RCA-03471,1
RCA-03472,1
RCA-03473,1
RCA-03474,1
RCA-03475,1
RCA-03476,1
RCA-03477,1
RCA-03478,1
RCA-03479,1
RCA-03480,1
RCA-03481,1
RCA-03482,1
RCA-03483,1
RCA-03484,1
RCA-03485,1
RCA-03486,1
RCA-03487,1
RCA-03488,1
RCA-03489,1
RCA-03490,1
RCA-03491,1
RCA-03492,1
RCA-03493,1
RCA-03494,1
RCA-03495,1
RCA-03496,1
RCA-03497,1
RCA-03498,1
RCA-03499,1
RCA-03500,1
RCA-03501,1
RCA-03502,1
RCA-03503,1
RCA-03504,1
RCA-03505,1
RCA-03506,1
RCA-03507,1
RCA-03508,1
RCA-03509,1
RCA-03510,1
RCA-03511,1
RCA-03512,1
RCA-03513,1
RCA-03514,1
RCA-03515,1
RCA-03516,1
RCA-03517,1
RCA-03518,1
RCA-03519,1
RCA-03520,1
RCA-03521,1
RCA-03522,1
RCA-03523,1
RCA-03524,1
RCA-03525,1
RCA-03526,1
RCA-03527,1
RCA-03528,1
RCA-03529,1
RCA-03530,1
RCA-03531,1
RCA-03532,1
RCA-03533,1
RCA-03534,1
RCA-03535,1
RCA-03536,1
RCA-03537,1
RCA-03538,1
RCA-03539,1
RCA-03540,1
RCA-03541,1
RCA-03542,1
RCA-03543,1
RCA-03544,1
RCA-03545,1
RCA-03546,1
RCA-03547,1
RCA-03548,1
RCA-03549,1
RCA-03550,1
RCA-03551,1
RCA-03552,1
RCA-03553,1
RCA-03554,1
RCA-03555,1
RCA-03556,1
RCA-03557,1
RCA-03558,1
RCA-03559,1
RCA-03560,1
RCA-03561,1
RCA-03562,1
RCA-03563,1
RCA-03564,1
RCA-03565,1
RCA-03566,1
RCA-03567,1
RCA-03568,1
RCA-03569,1
RCA-03570,1
RCA-03571,1
RCA-03572,1
RCA-03573,1
RCA-03574,1
RCA-03575,1
RCA-03576,1
RCA-03577,1
RCA-03578,1
RCA-03579,1
RCA-03580,1
RCA-03581,1
RCA-03582,1
RCA-03583,1
RCA-03584,1
RCA-03585,1
RCA-03586,1
RCA-03587,1
RCA-03588,1
RCA-03589,1
RCA-03590,1
RCA-03591,1
RCA-03592,1
RCA-03593,1
RCA-03594,1
RCA-03595,1
RCA-03596,1
RCA-03597,1
RCA-03598,1
RCA-03599,1
RCA-03600,1
RCA-03601,1
RCA-03602,1
RCA-03603,1
RCA-03604,1
RCA-03605,1
RCA-03606,1
RCA-03607,1
RCA-03608,1
RCA-03609,1
RCA-03610,1
RCA-03611,1
RCA-03612,1
RCA-03613,1
RCA-03614,1
RCA-03615,1
RCA-03616,1
RCA-03617,1
RCA-03618,1
RCA-03619,1
RCA-03620,1
RCA-03621,1
RCA-03622,1
RCA-03623,1
RCA-03624,1
RCA-03625,1
RCA-03626,1
RCA-03627,1
RCA-03628,1
RCA-03629,1
RCA-03630,1
RCA-03631,1
RCA-03632,1
RCA-03633,1
RCA-03634,1
RCA-03635,1
RCA-03636,1
RCA-03637,1
RCA-03638,1
RCA-03639,1
RCA-03640,1
RCA-03641,1
RCA-03642,1
RCA-03643,1
RCA-03644,1
RCA-03645,1
RCA-03646,1
RCA-03647,1
RCA-03648,1
RCA-03649,1
RCA-03650,1
RCA-03651,1
RCA-03652,1
RCA-03653,1
RCA-03654,1
RCA-03655,1
RCA-03656,1
RCA-03657,1
RCA-03658,1
RCA-03659,1
RCA-03660,1
RCA-03661,1
RCA-03662,1
RCA-03663,1
RCA-03664,1
RCA-03665,1
RCA-03666,1
RCA-03667,1
RCA-03668,1
RCA-03669,1
RCA-03670,1
RCA-03671,1
RCA-03672,1
RCA-03673,1
RCA-03674,1
RCA-03675,1
RCA-03676,1
RCA-03677,1
RCA-03678,1
RCA-03679,1
RCA-03680,1
RCA-03681,1
RCA-03682,1
RCA-03683,1
RCA-03684,1
RCA-03685,1
RCA-03686,1
RCA-03687,1
RCA-03688,1
RCA-03689,1
RCA-03690,1
RCA-03691,1
RCA-03692,1
RCA-03693,1
RCA-03694,1
RCA-03695,1
RCA-03696,1
RCA-03697,1
RCA-03698,1
RCA-03699,1
RCA-03700,1
RCA-03701,1
RCA-03702,1
RCA-03703,1
RCA-03704,1
RCA-03705,1
RCA-03706,1
RCA-03707,1
RCA-03708,1
RCA-03709,1
RCA-03710,1
RCA-03711,1
RCA-03712,1
RCA-03713,1
RCA-03714,1
RCA-03715,1
RCA-03716,1
RCA-03717,1
RCA-03718,1
RCA-03719,1
RCA-03720,1
RCA-03721,1
RCA-03722,1
RCA-03723,1
RCA-03724,1
RCA-03725,1
RCA-03726,1
RCA-03727,1
RCA-03728,1
RCA-03729,1
RCA-03730,1
RCA-03731,1
RCA-03732,1
RCA-03733,1
RCA-03734,1
RCA-03735,1
RCA-03736,1
RCA-03737,1
RCA-03738,1
RCA-03739,1
RCA-03740,1
RCA-03741,1
RCA-03742,1
RCA-03743,1
RCA-03744,1
RCA-03745,1
RCA-03746,1
RCA-03747,1
RCA-03748,1
RCA-03749,1
RCA-03750,1
RCA-03751,1
RCA-03752,1
RCA-03753,1
RCA-03754,1
RCA-03755,1
RCA-03756,1
RCA-03757,1
RCA-03758,1
RCA-03759,1
RCA-03760,1
RCA-03761,1
RCA-03762,1
RCA-03763,1
RCA-03764,1
RCA-03765,1
RCA-03766,1
RCA-03767,1
RCA-03768,1
RCA-03769,1
RCA-03770,1
RCA-03771,1
RCA-03772,1
RCA-03773,1
RCA-03774,1
RCA-03775,1
RCA-03776,1
RCA-03777,1
RCA-03778,1
RCA-03779,1
RCA-03780,1
RCA-03781,1
RCA-03782,1
RCA-03783,1
RCA-03784,1
RCA-03785,1
RCA-03786,1
RCA-03787,1
RCA-03788,1
RCA-03789,1
RCA-03790,1
RCA-03791,1
RCA-03792,1
RCA-03793,1
RCA-03794,1
RCA-03795,1
RCA-03796,1
RCA-03797,1
RCA-03798,1
RCA-03799,1
RCA-03800,1
RCA-03801,1
RCA-03802,1
RCA-03803,1
RCA-03804,1
RCA-03805,1
RCA-03806,1
RCA-03807,1
RCA-03808,1
RCA-03809,1
RCA-03810,1
RCA-03811,1
RCA-03812,1
RCA-03813,1
RCA-03814,1
RCA-03815,1
RCA-03816,1
RCA-03817,1
RCA-03818,1
RCA-03819,1
RCA-03820,1
RCA-03821,1
RCA-03822,1
RCA-03823,1
RCA-03824,1
RCA-03825,1
RCA-03826,1
RCA-03827,1
RCA-03828,1
RCA-03829,1
RCA-03830,1
RCA-03831,1
RCA-03832,1
RCA-03833,1
RCA-03834,1
RCA-03835,1
RCA-03836,1
RCA-03837,1
RCA-03838,1
RCA-03839,1
RCA-03840,1
RCA-03841,1
RCA-03842,1
RCA-03843,1
RCA-03844,1
RCA-03845,1
RCA-03846,1
RCA-03847,1
RCA-03848,1
RCA-03849,1
RCA-03850,1
RCA-03851,1
RCA-03852,1
RCA-03853,1
RCA-03854,1
RCA-03855,1
RCA-03856,1
RCA-03857,1
RCA-03858,1
RCA-03859,1
RCA-03860,1
RCA-03861,1
RCA-03862,1
RCA-03863,1
RCA-03864,1
RCA-03865,1
RCA-03866,1
RCA-03867,1
RCA-03868,1
RCA-03869,1
RCA-03870,1
RCA-03871,1
RCA-03872,1
RCA-03873,1
RCA-03874,1
RCA-03875,1
RCA-03876,1
RCA-03877,1
RCA-03878,1
RCA-03879,1
RCA-03880,1
RCA-03881,1
RCA-03882,1
RCA-03883,1
RCA-03884,1
RCA-03885,1
RCA-03886,1
RCA-03887,1
RCA-03888,1
RCA-03889,1
RCA-03890,1
RCA-03891,1
RCA-03892,1
RCA-03893,1
RCA-03894,1
RCA-03895,1
RCA-03896,1
RCA-03897,1
RCA-03898,1
RCA-03899,1
RCA-03900,1
RCA-03901,1
RCA-03902,1
RCA-03903,1
RCA-03904,1
RCA-03905,1
RCA-03906,1
RCA-03907,1
RCA-03908,1
RCA-03909,1
RCA-03910,1
RCA-03911,1
RCA-03912,1
RCA-03913,1
RCA-03914,1
RCA-03915,1
RCA-03916,1
RCA-03917,1
RCA-03918,1
RCA-03919,1
RCA-03920,1
RCA-03921,1
RCA-03922,1
RCA-03923,1
RCA-03924,1
RCA-03925,1
RCA-03926,1
RCA-03927,1
RCA-03928,1
RCA-03929,1
RCA-03930,1
RCA-03931,1
RCA-03932,1
RCA-03933,1
RCA-03934,1
RCA-03935,1
RCA-03936,1
RCA-03937,1
RCA-03938,1
RCA-03939,1
RCA-03940,1
RCA-03941,1
RCA-03942,1
RCA-03943,1
RCA-03944,1
RCA-03945,1
RCA-03946,1
RCA-03947,1
RCA-03948,1
RCA-03949,1
RCA-03950,1
RCA-03951,1
RCA-03952,1
RCA-03953,1
RCA-03954,1
RCA-03955,1
RCA-03956,1
RCA-03957,1
RCA-03958,1
RCA-03959,1
RCA-03960,1
RCA-03961,1
RCA-03962,1
RCA-03963,1
RCA-03964,1
RCA-03965,1
RCA-03966,1
RCA-03967,1
RCA-03968,1
RCA-03969,1
RCA-03970,1
RCA-03971,1
RCA-03972,1
RCA-03973,1
RCA-03974,1
RCA-03975,1
RCA-03976,1
RCA-03977,1
RCA-03978,1
RCA-03979,1
RCA-03980,1
RCA-03981,1
RCA-03982,1
RCA-03983,1
RCA-03984,1
RCA-03985,1
RCA-03986,1
RCA-03987,1
RCA-03988,1
RCA-03989,1
RCA-03990,1
RCA-03991,1
RCA-03992,1
RCA-03993,1
RCA-03994,1
RCA-03995,1
RCA-03996,1
RCA-03997,1
RCA-03998,1
RCA-03999,1
RCA-04000,1
RCA-04001,1
RCA-04002,1
RCA-04003,1
RCA-04004,1
RCA-04005,1
RCA-04006,1
RCA-04007,1
RCA-04008,1
RCA-04009,1
RCA-04010,1
RCA-04011,1
RCA-04012,1
RCA-04013,1
RCA-04014,1
RCA-04015,1
RCA-04016,1
RCA-04017,1
RCA-04018,1
RCA-04019,1
RCA-04020,1
RCA-04021,1
RCA-04022,1
RCA-04023,1
RCA-04024,1
RCA-04025,1
RCA-04026,1
RCA-04027,1
RCA-04028,1
RCA-04029,1
RCA-04030,1
RCA-04031,1
RCA-04032,1
RCA-04033,1
RCA-04034,1
RCA-04035,1
RCA-04036,1
RCA-04037,1
RCA-04038,1
RCA-04039,1
RCA-04040,1
RCA-04041,1
RCA-04042,1
RCA-04043,1
RCA-04044,1
RCA-04045,1
RCA-04046,1
RCA-04047,1
RCA-04048,1
RCA-04049,1
RCA-04050,1
RCA-04051,1
RCA-04052,1
RCA-04053,1
RCA-04054,1
RCA-04055,1
RCA-04056,1
RCA-04057,1
RCA-04058,1
RCA-04059,1
RCA-04060,1
RCA-04061,1
RCA-04062,1
RCA-04063,1
RCA-04064,1
RCA-04065,1
RCA-04066,1
RCA-04067,1
RCA-04068,1
RCA-04069,1
RCA-04070,1
RCA-04071,1
RCA-04072,1
RCA-04073,1
RCA-04074,1
RCA-04075,1
RCA-04076,1
RCA-04077,1
RCA-04078,1
RCA-04079,1
RCA-04080,1
RCA-04081,1
RCA-04082,1
RCA-04083,1
RCA-04084,1
RCA-04085,1
RCA-04086,1
RCA-04087,1
RCA-04088,1
RCA-04089,1
RCA-04090,1
RCA-04091,1
RCA-04092,1
RCA-04093,1
RCA-04094,1
RCA-04095,1
RCA-04096,1
RCA-04097,1
RCA-04098,1
RCA-04099,1
RCA-04100,1
RCA-04101,1
RCA-04102,1
RCA-04103,1
RCA-04104,1
RCA-04105,1
RCA-04106,1
RCA-04107,1
RCA-04108,1
RCA-04109,1
RCA-04110,1
RCA-04111,1
RCA-04112,1
RCA-04113,1
RCA-04114,1
RCA-04115,1
RCA-04116,1
RCA-04117,1
RCA-04118,1
RCA-04119,1
RCA-04120,1
RCA-04121,1
RCA-04122,1
RCA-04123,1
RCA-04124,1
RCA-04125,1
RCA-04126,1
RCA-04127,1
RCA-04128,1
RCA-04129,1
RCA-04130,1
RCA-04131,1
RCA-04132,1
RCA-04133,1
RCA-04134,1
RCA-04135,1
RCA-04136,1
RCA-04137,1
RCA-04138,1
RCA-04139,1
RCA-04140,1
RCA-04141,1
RCA-04142,1
RCA-04143,1
RCA-04144,1
RCA-04145,1
RCA-04146,1
RCA-04147,1
RCA-04148,1
RCA-04149,1
RCA-04150,1
RCA-04151,1
RCA-04152,1
RCA-04153,1
RCA-04154,1
RCA-04155,1
RCA-04156,1
RCA-04157,1
RCA-04158,1
RCA-04159,1
RCA-04160,1
RCA-04161,1
RCA-04162,1
RCA-04163,1
RCA-04164,1
RCA-04165,1
RCA-04166,1
RCA-04167,1
RCA-04168,1
RCA-04169,1
RCA-04170,1
RCA-04171,1
RCA-04172,1
RCA-04173,1
RCA-04174,1
RCA-04175,1
RCA-04176,1
RCA-04177,1
RCA-04178,1
RCA-04179,1
RCA-04180,1
RCA-04181,1
RCA-04182,1
RCA-04183,1
RCA-04184,1
RCA-04185,1
RCA-04186,1
RCA-04187,1
RCA-04188,1
RCA-04189,1
RCA-04190,1
RCA-04191,1
RCA-04192,1
RCA-04193,1
RCA-04194,1
RCA-04195,1
RCA-04196,1
RCA-04197,1
RCA-04198,1
RCA-04199,1
RCA-04200,1
RCA-04201,1
RCA-04202,1
RCA-04203,1
RCA-04204,1
RCA-04205,1
RCA-04206,1
RCA-04207,1
RCA-04208,1
RCA-04209,1
RCA-04210,1
RCA-04211,1
RCA-04212,1
RCA-04213,1
RCA-04214,1
RCA-04215,1
RCA-04216,1
RCA-04217,1
RCA-04218,1
RCA-04219,1
RCA-04220,1
RCA-04221,1
RCA-04222,1
RCA-04223,1
RCA-04224,1
RCA-04225,1
RCA-04226,1
RCA-04227,1
RCA-04228,1
RCA-04229,1
RCA-04230,1
RCA-04231,1
RCA-04232,1
RCA-04233,1
RCA-04234,1
RCA-04235,1
RCA-04236,1
RCA-04237,1
RCA-04238,1
RCA-04239,1
RCA-04240,1
RCA-04241,1
RCA-04242,1
RCA-04243,1
RCA-04244,1
RCA-04245,1
RCA-04246,1
RCA-04247,1
RCA-04248,1
RCA-04249,1
RCA-04250,1
RCA-04251,1
RCA-04252,1
RCA-04253,1
RCA-04254,1
RCA-04255,1
RCA-04256,1
RCA-04257,1
RCA-04258,1
RCA-04259,1
RCA-04260,1
RCA-04261,1
RCA-04262,1
RCA-04263,1
RCA-04264,1
RCA-04265,1
RCA-04266,1
RCA-04267,1
RCA-04268,1
RCA-04269,1
RCA-04270,1
RCA-04271,1
RCA-04272,1
RCA-04273,1
RCA-04274,1
RCA-04275,1
RCA-04276,1
RCA-04277,1
RCA-04278,1
RCA-04279,1
RCA-04280,1
RCA-04281,1
RCA-04282,1
RCA-04283,1
RCA-04284,1
RCA-04285,1
RCA-04286,1
RCA-04287,1
RCA-04288,1
RCA-04289,1
RCA-04290,1
RCA-04291,1
RCA-04292,1
RCA-04293,1
RCA-04294,1
RCA-04295,1
RCA-04296,1
RCA-04297,1
RCA-04298,1
RCA-04299,1
RCA-04300,1
RCA-04301,1
RCA-04302,1
RCA-04303,1
RCA-04304,1
RCA-04305,1
RCA-04306,1
RCA-04307,1
RCA-04308,1
RCA-04309,1
RCA-04310,1
RCA-04311,1
RCA-04312,1
RCA-04313,1
RCA-04314,1
RCA-04315,1
RCA-04316,1
RCA-04317,1
RCA-04318,1
RCA-04319,1
RCA-04320,1
RCA-04321,1
RCA-04322,1
RCA-04323,1
RCA-04324,1
RCA-04325,1
RCA-04326,1
RCA-04327,1
RCA-04328,1
RCA-04329,1
RCA-04330,1
RCA-04331,1
RCA-04332,1
RCA-04333,1
RCA-04334,1
RCA-04335,1
RCA-04336,1
RCA-04337,1
RCA-04338,1
RCA-04339,1
RCA-04340,1
RCA-04341,1
RCA-04342,1
RCA-04343,1
RCA-04344,1
RCA-04345,1
RCA-04346,1
RCA-04347,1
RCA-04348,1
RCA-04349,1
RCA-04350,1
RCA-04351,1
RCA-04352,1
RCA-04353,1
RCA-04354,1
RCA-04355,1
RCA-04356,1
RCA-04357,1
RCA-04358,1
RCA-04359,1
RCA-04360,1
RCA-04361,1
RCA-04362,1
RCA-04363,1
RCA-04364,1
RCA-04365,1
RCA-04366,1
RCA-04367,1
RCA-04368,1
RCA-04369,1
RCA-04370,1
RCA-04371,1
RCA-04372,1
RCA-04373,1
RCA-04374,1
RCA-04375,1
RCA-04376,1
RCA-04377,1
RCA-04378,1
RCA-04379,1
RCA-04380,1
RCA-04381,1
RCA-04382,1
RCA-04383,1
RCA-04384,1
RCA-04385,1
RCA-04386,1
RCA-04387,1
RCA-04388,1
RCA-04389,1
RCA-04390,1
RCA-04391,1
RCA-04392,1
RCA-04393,1
RCA-04394,1
RCA-04395,1
RCA-04396,1
RCA-04397,1
RCA-04398,1
RCA-04399,1
RCA-04400,1
RCA-04401,1
RCA-04402,1
RCA-04403,1
RCA-04404,1
RCA-04405,1
RCA-04406,1
RCA-04407,1
RCA-04408,1
RCA-04409,1
RCA-04410,1
RCA-04411,1
RCA-04412,1
RCA-04413,1
RCA-04414,1
RCA-04415,1
RCA-04416,1
RCA-04417,1
RCA-04418,1
RCA-04419,1
RCA-04420,1
RCA-04421,1
RCA-04422,1
RCA-04423,1
RCA-04424,1
RCA-04425,1
RCA-04426,1
RCA-04427,1
RCA-04428,1
RCA-04429,1
RCA-04430,1
RCA-04431,1
RCA-04432,1
RCA-04433,1
RCA-04434,1
RCA-04435,1
RCA-04436,1
RCA-04437,1
RCA-04438,1
RCA-04439,1
RCA-04440,1
RCA-04441,1
RCA-04442,1
RCA-04443,1
RCA-04444,1
RCA-04445,1
RCA-04446,1
RCA-04447,1
RCA-04448,1
RCA-04449,1
RCA-04450,1
RCA-04451,1
RCA-04452,1
RCA-04453,1
RCA-04454,1
RCA-04455,1
RCA-04456,1
RCA-04457,1
RCA-04458,1
RCA-04459,1
RCA-04460,1
RCA-04461,1
RCA-04462,1
RCA-04463,1
RCA-04464,1
RCA-04465,1
RCA-04466,1
RCA-04467,1
RCA-04468,1
RCA-04469,1
RCA-04470,1
RCA-04471,1
RCA-04472,1
RCA-04473,1
RCA-04474,1
RCA-04475,1
RCA-04476,1
RCA-04477,1
RCA-04478,1
RCA-04479,1
RCA-04480,1
RCA-04481,1
RCA-04482,1
RCA-04483,1
RCA-04484,1
RCA-04485,1
RCA-04486,1
RCA-04487,1
RCA-04488,1
RCA-04489,1
RCA-04490,1
RCA-04491,1
RCA-04492,1
RCA-04493,1
RCA-04494,1
RCA-04495,1
RCA-04496,1
RCA-04497,1
RCA-04498,1
RCA-04499,1
RCA-04500,1
RCA-04501,1
RCA-04502,1
RCA-04503,1
RCA-04504,1
RCA-04505,1
RCA-04506,1
RCA-04507,1
RCA-04508,1
RCA-04509,1
RCA-04510,1
RCA-04511,1
RCA-04512,1
RCA-04513,1
RCA-04514,1
RCA-04515,1
RCA-04516,1
RCA-04517,1
RCA-04518,1
RCA-04519,1
RCA-04520,1
RCA-04521,1
RCA-04522,1
RCA-04523,1
RCA-04524,1
RCA-04525,1
RCA-04526,1
RCA-04527,1
RCA-04528,1
RCA-04529,1
RCA-04530,1
RCA-04531,1
RCA-04532,1
RCA-04533,1
RCA-04534,1
RCA-04535,1
RCA-04536,1
RCA-04537,1
RCA-04538,1
RCA-04539,1
RCA-04540,1
RCA-04541,1
RCA-04542,1
RCA-04543,1
RCA-04544,1
RCA-04545,1
RCA-04546,1
RCA-04547,1
RCA-04548,1
RCA-04549,1
RCA-04550,1
RCA-04551,1
RCA-04552,1
RCA-04553,1
RCA-04554,1
RCA-04555,1
RCA-04556,1
RCA-04557,1
RCA-04558,1
RCA-04559,1
RCA-04560,1
RCA-04561,1
RCA-04562,1
RCA-04563,1
RCA-04564,1
RCA-04565,1
RCA-04566,1
RCA-04567,1
RCA-04568,1
RCA-04569,1
RCA-04570,1
RCA-04571,1
RCA-04572,1
RCA-04573,1
RCA-04574,1
RCA-04575,1
RCA-04576,1
RCA-04577,1
RCA-04578,1
RCA-04579,1
RCA-04580,1
RCA-04581,1
RCA-04582,1
RCA-04583,1
RCA-04584,1
RCA-04585,1
RCA-04586,1
RCA-04587,1
RCA-04588,1
RCA-04589,1
RCA-04590,1
RCA-04591,1
RCA-04592,1
RCA-04593,1
RCA-04594,1
RCA-04595,1
RCA-04596,1
RCA-04597,1
RCA-04598,1
RCA-04599,1
RCA-04600,1
RCA-04601,1
RCA-04602,1
RCA-04603,1
RCA-04604,1
RCA-04605,1
RCA-04606,1
RCA-04607,1
RCA-04608,1
RCA-04609,1
RCA-04610,1
RCA-04611,1
RCA-04612,1
RCA-04613,1
RCA-04614,1
RCA-04615,1
RCA-04616,1
RCA-04617,1
RCA-04618,1
RCA-04619,1
RCA-04620,1
RCA-04621,1
RCA-04622,1
RCA-04623,1
RCA-04624,1
RCA-04625,1
RCA-04626,1
RCA-04627,1
RCA-04628,1
RCA-04629,1
RCA-04630,1
RCA-04631,1
RCA-04632,1
RCA-04633,1
RCA-04634,1
RCA-04635,1
RCA-04636,1
RCA-04637,1
RCA-04638,1
RCA-04639,1
RCA-04640,1
RCA-04641,1
RCA-04642,1
RCA-04643,1
RCA-04644,1
RCA-04645,1
RCA-04646,1
RCA-04647,1
RCA-04648,1
RCA-04649,1
RCA-04650,1
RCA-04651,1
RCA-04652,1
RCA-04653,1
RCA-04654,1
RCA-04655,1
RCA-04656,1
RCA-04657,1
RCA-04658,1
RCA-04659,1
RCA-04660,1
RCA-04661,1
RCA-04662,1
RCA-04663,1
RCA-04664,1
RCA-04665,1
RCA-04666,1
RCA-04667,1
RCA-04668,1
RCA-04669,1
RCA-04670,1
RCA-04671,1
RCA-04672,1
RCA-04673,1
RCA-04674,1
RCA-04675,1
RCA-04676,1
RCA-04677,1
RCA-04678,1
RCA-04679,1
RCA-04680,1
RCA-04681,1
RCA-04682,1
RCA-04683,1
RCA-04684,1
RCA-04685,1
RCA-04686,1
RCA-04687,1
RCA-04688,1
RCA-04689,1
RCA-04690,1
RCA-04691,1
RCA-04692,1
RCA-04693,1
RCA-04694,1
RCA-04695,1
RCA-04696,1
RCA-04697,1
RCA-04698,1
RCA-04699,1
RCA-04700,1
RCA-04701,1
RCA-04702,1
RCA-04703,1
RCA-04704,1
RCA-04705,1
RCA-04706,1
RCA-04707,1
RCA-04708,1
RCA-04709,1
RCA-04710,1
RCA-04711,1
RCA-04712,1
RCA-04713,1
RCA-04714,1
RCA-04715,1
RCA-04716,1
RCA-04717,1
RCA-04718,1
RCA-04719,1
RCA-04720,1
RCA-04721,1
RCA-04722,1
RCA-04723,1
RCA-04724,1
RCA-04725,1
RCA-04726,1
RCA-04727,1
RCA-04728,1
RCA-04729,1
RCA-04730,1
RCA-04731,1
RCA-04732,1
RCA-04733,1
RCA-04734,1
RCA-04735,1
RCA-04736,1
RCA-04737,1
RCA-04738,1
RCA-04739,1
RCA-04740,1
RCA-04741,1
RCA-04742,1
RCA-04743,1
RCA-04744,1
RCA-04745,1
RCA-04746,1
RCA-04747,1
RCA-04748,1
RCA-04749,1
RCA-04750,1
RCA-04751,1
RCA-04752,1
RCA-04753,1
RCA-04754,1
RCA-04755,1
RCA-04756,1
RCA-04757,1
RCA-04758,1
RCA-04759,1
RCA-04760,1
RCA-04761,1
RCA-04762,1
RCA-04763,1
RCA-04764,1
RCA-04765,1
RCA-04766,1
RCA-04767,1
RCA-04768,1
RCA-04769,1
RCA-04770,1
RCA-04771,1
RCA-04772,1
RCA-04773,1
RCA-04774,1
RCA-04775,1
RCA-04776,1
RCA-04777,1
RCA-04778,1
RCA-04779,1
RCA-04780,1
RCA-04781,1
RCA-04782,1
RCA-04783,1
RCA-04784,1
RCA-04785,1
RCA-04786,1
RCA-04787,1
RCA-04788,1
RCA-04789,1
RCA-04790,1
RCA-04791,1
RCA-04792,1
RCA-04793,1
RCA-04794,1
RCA-04795,1
RCA-04796,1
RCA-04797,1
RCA-04798,1
RCA-04799,1
RCA-04800,1
RCA-04801,1
RCA-04802,1
RCA-04803,1
RCA-04804,1
RCA-04805,1
RCA-04806,1
RCA-04807,1
RCA-04808,1
RCA-04809,1
RCA-04810,1
RCA-04811,1
RCA-04812,1
RCA-04813,1
RCA-04814,1
RCA-04815,1
RCA-04816,1
RCA-04817,1
RCA-04818,1
RCA-04819,1
RCA-04820,1
RCA-04821,1
RCA-04822,1
RCA-04823,1
RCA-04824,1
RCA-04825,1
RCA-04826,1
RCA-04827,1
RCA-04828,1
RCA-04829,1
RCA-04830,1
RCA-04831,1
RCA-04832,1
RCA-04833,1
RCA-04834,1
RCA-04835,1
RCA-04836,1
RCA-04837,1
RCA-04838,1
RCA-04839,1
RCA-04840,1
RCA-04841,1
RCA-04842,1
RCA-04843,1
RCA-04844,1
RCA-04845,1
RCA-04846,1
RCA-04847,1
RCA-04848,1
RCA-04849,1
RCA-04850,1
RCA-04851,1
RCA-04852,1
RCA-04853,1
RCA-04854,1
RCA-04855,1
RCA-04856,1
RCA-04857,1
RCA-04858,1
RCA-04859,1
RCA-04860,1
RCA-04861,1
RCA-04862,1
RCA-04863,1
RCA-04864,1
RCA-04865,1
RCA-04866,1
RCA-04867,1
RCA-04868,1
RCA-04869,1
RCA-04870,1
RCA-04871,1
RCA-04872,1
RCA-04873,1
RCA-04874,1
RCA-04875,1
RCA-04876,1
RCA-04877,1
RCA-04878,1
RCA-04879,1
RCA-04880,1
RCA-04881,1
RCA-04882,1
RCA-04883,1
RCA-04884,1
RCA-04885,1
RCA-04886,1
RCA-04887,1
RCA-04888,1
RCA-04889,1
RCA-04890,1
RCA-04891,1
RCA-04892,1
RCA-04893,1
RCA-04894,1
RCA-04895,1
RCA-04896,1
RCA-04897,1
RCA-04898,1
RCA-04899,1
RCA-04900,1
RCA-04901,1
RCA-04902,1
RCA-04903,1
RCA-04904,1
RCA-04905,1
RCA-04906,1
RCA-04907,1
RCA-04908,1
RCA-04909,1
RCA-04910,1
RCA-04911,1
RCA-04912,1
RCA-04913,1
RCA-04914,1
RCA-04915,1
RCA-04916,1
RCA-04917,1
RCA-04918,1
RCA-04919,1
RCA-04920,1
RCA-04921,1
RCA-04922,1
RCA-04923,1
RCA-04924,1
RCA-04925,1
RCA-04926,1
RCA-04927,1
RCA-04928,1
RCA-04929,1
RCA-04930,1
RCA-04931,1
RCA-04932,1
RCA-04933,1
RCA-04934,1
RCA-04935,1
RCA-04936,1
RCA-04937,1
RCA-04938,1
RCA-04939,1
RCA-04940,1
RCA-04941,1
RCA-04942,1
RCA-04943,1
RCA-04944,1
RCA-04945,1
RCA-04946,1
RCA-04947,1
RCA-04948,1
RCA-04949,1
RCA-04950,1
RCA-04951,1
RCA-04952,1
RCA-04953,1
RCA-04954,1
RCA-04955,1
RCA-04956,1
RCA-04957,1
RCA-04958,1
RCA-04959,1
RCA-04960,1
RCA-04961,1
RCA-04962,1
RCA-04963,1
RCA-04964,1
RCA-04965,1
RCA-04966,1
RCA-04967,1
RCA-04968,1
RCA-04969,1
RCA-04970,1
RCA-04971,1
RCA-04972,1
RCA-04973,1
RCA-04974,1
RCA-04975,1
RCA-04976,1
RCA-04977,1
RCA-04978,1
RCA-04979,1
RCA-04980,1
RCA-04981,1
RCA-04982,1
RCA-04983,1
RCA-04984,1
RCA-04985,1
RCA-04986,1
RCA-04987,1
RCA-04988,1
RCA-04989,1
RCA-04990,1
RCA-04991,1
RCA-04992,1
RCA-04993,1
RCA-04994,1
RCA-04995,1
RCA-04996,1
RCA-04997,1
RCA-04998,1
RCA-04999,1
RCA-05000,1
RCA-05001,1
RCA-05002,1
RCA-05003,1
RCA-05004,1
RCA-05005,1
RCA-05006,1
RCA-05007,1
RCA-05008,1
RCA-05009,1
RCA-05010,1
RCA-05011,1
RCA-05012,1
RCA-05013,1
RCA-05014,1
RCA-05015,1
RCA-05016,1
RCA-05017,1
RCA-05018,1
RCA-05019,1
RCA-05020,1
RCA-05021,1
RCA-05022,1
RCA-05023,1
RCA-05024,1
RCA-05025,1
RCA-05026,1
RCA-05027,1
RCA-05028,1
RCA-05029,1
RCA-05030,1
RCA-05031,1
RCA-05032,1
RCA-05033,1
RCA-05034,1
RCA-05035,1
RCA-05036,1
RCA-05037,1
RCA-05038,1
RCA-05039,1
RCA-05040,1
RCA-05041,1
RCA-05042,1
RCA-05043,1
RCA-05044,1
RCA-05045,1
RCA-05046,1
RCA-05047,1
RCA-05048,1
RCA-05049,1
RCA-05050,1
RCA-05051,1
RCA-05052,1
RCA-05053,1
RCA-05054,1
RCA-05055,1
RCA-05056,1
RCA-05057,1
RCA-05058,1
RCA-05059,1
RCA-05060,1
RCA-05061,1
RCA-05062,1
RCA-05063,1
RCA-05064,1
RCA-05065,1
RCA-05066,1
RCA-05067,1
RCA-05068,1
RCA-05069,1
RCA-05070,1
RCA-05071,1
RCA-05072,1
RCA-05073,1
RCA-05074,1
RCA-05075,1
RCA-05076,1
RCA-05077,1
RCA-05078,1
RCA-05079,1
RCA-05080,1
RCA-05081,1
RCA-05082,1
RCA-05083,1
RCA-05084,1
RCA-05085,1
RCA-05086,1
RCA-05087,1
RCA-05088,1
RCA-05089,1
RCA-05090,1
RCA-05091,1
RCA-05092,1
RCA-05093,1
RCA-05094,1
RCA-05095,1
RCA-05096,1
RCA-05097,1
RCA-05098,1
RCA-05099,1
RCA-05100,1
RCA-05101,1
RCA-05102,1
RCA-05103,1
RCA-05104,1
RCA-05105,1
RCA-05106,1
RCA-05107,1
RCA-05108,1
RCA-05109,1
RCA-05110,1
RCA-05111,1
RCA-05112,1
RCA-05113,1
RCA-05114,1
RCA-05115,1
RCA-05116,1
RCA-05117,1
RCA-05118,1
RCA-05119,1
RCA-05120,1
RCA-05121,1
RCA-05122,1
RCA-05123,1
RCA-05124,1
RCA-05125,1
RCA-05126,1
RCA-05127,1
RCA-05128,1
RCA-05129,1
RCA-05130,1
RCA-05131,1
RCA-05132,1
RCA-05133,1
RCA-05134,1
RCA-05135,1
RCA-05136,1
RCA-05137,1
RCA-05138,1
RCA-05139,1
RCA-05140,1
RCA-05141,1
RCA-05142,1
RCA-05143,1
RCA-05144,1
RCA-05145,1
RCA-05146,1
RCA-05147,1
RCA-05148,1
RCA-05149,1
RCA-05150,1
RCA-05151,1
RCA-05152,1
RCA-05153,1
RCA-05154,1
RCA-05155,1
RCA-05156,1
RCA-05157,1
RCA-05158,1
RCA-05159,1
RCA-05160,1
RCA-05161,1
RCA-05162,1
RCA-05163,1
RCA-05164,1
RCA-05165,1
RCA-05166,1
RCA-05167,1
RCA-05168,1
RCA-05169,1
RCA-05170,1
RCA-05171,1
RCA-05172,1
RCA-05173,1
RCA-05174,1
RCA-05175,1
RCA-05176,1
RCA-05177,1
RCA-05178,1
RCA-05179,1
RCA-05180,1
RCA-05181,1
RCA-05182,1
RCA-05183,1
RCA-05184,1
RCA-05185,1
RCA-05186,1
RCA-05187,1
RCA-05188,1
RCA-05189,1
RCA-05190,1
RCA-05191,1
RCA-05192,1
RCA-05193,1
RCA-05194,1
RCA-05195,1
RCA-05196,1
RCA-05197,1
RCA-05198,1
RCA-05199,1
RCA-05200,1
RCA-05201,1
RCA-05202,1
RCA-05203,1
RCA-05204,1
RCA-05205,1
RCA-05206,1
RCA-05207,1
RCA-05208,1
RCA-05209,1
RCA-05210,1
RCA-05211,1
RCA-05212,1
RCA-05213,1
RCA-05214,1
RCA-05215,1
RCA-05216,1
RCA-05217,1
RCA-05218,1
RCA-05219,1
RCA-05220,1
RCA-05221,1
RCA-05222,1
RCA-05223,1
RCA-05224,1
RCA-05225,1
RCA-05226,1
RCA-05227,1
RCA-05228,1
RCA-05229,1
RCA-05230,1
RCA-05231,1
RCA-05232,1
RCA-05233,1
RCA-05234,1
RCA-05235,1
RCA-05236,1
RCA-05237,1
RCA-05238,1
RCA-05239,1
RCA-05240,1
RCA-05241,1
RCA-05242,1
RCA-05243,1
RCA-05244,1
RCA-05245,1
RCA-05246,1
RCA-05247,1
RCA-05248,1
RCA-05249,1
RCA-05250,1
RCA-05251,1
RCA-05252,1
RCA-05253,1
RCA-05254,1
RCA-05255,1
RCA-05256,1
RCA-05257,1
RCA-05258,1
RCA-05259,1
RCA-05260,1
RCA-05261,1
RCA-05262,1
RCA-05263,1
RCA-05264,1
RCA-05265,1
RCA-05266,1
RCA-05267,1
RCA-05268,1
RCA-05269,1
RCA-05270,1
RCA-05271,1
RCA-05272,1
RCA-05273,1
RCA-05274,1
RCA-05275,1
RCA-05276,1
RCA-05277,1
RCA-05278,1
RCA-05279,1
RCA-05280,1
RCA-05281,1
RCA-05282,1
RCA-05283,1
RCA-05284,1
RCA-05285,1
RCA-05286,1
RCA-05287,1
RCA-05288,1
RCA-05289,1
RCA-05290,1
RCA-05291,1
RCA-05292,1
RCA-05293,1
RCA-05294,1
RCA-05295,1
RCA-05296,1
RCA-05297,1
RCA-05298,1
RCA-05299,1
RCA-05300,1
RCA-05301,1
RCA-05302,1
RCA-05303,1
RCA-05304,1
RCA-05305,1
RCA-05306,1
RCA-05307,1
RCA-05308,1
RCA-05309,1
RCA-05310,1
RCA-05311,1
RCA-05312,1
RCA-05313,1
RCA-05314,1
RCA-05315,1
RCA-05316,1
RCA-05317,1
RCA-05318,1
RCA-05319,1
RCA-05320,1
RCA-05321,1
RCA-05322,1
RCA-05323,1
RCA-05324,1
RCA-05325,1
RCA-05326,1
RCA-05327,1
RCA-05328,1
RCA-05329,1
RCA-05330,1
RCA-05331,1
RCA-05332,1
RCA-05333,1
RCA-05334,1
RCA-05335,1
RCA-05336,1
RCA-05337,1
RCA-05338,1
RCA-05339,1
RCA-05340,1
RCA-05341,1
RCA-05342,1
RCA-05343,1
RCA-05344,1
RCA-05345,1
RCA-05346,1
RCA-05347,1
RCA-05348,1
RCA-05349,1
RCA-05350,1
RCA-05351,1
RCA-05352,1
RCA-05353,1
RCA-05354,1
RCA-05355,1
RCA-05356,1
RCA-05357,1
RCA-05358,1
RCA-05359,1
RCA-05360,1
RCA-05361,1
RCA-05362,1
RCA-05363,1
RCA-05364,1
RCA-05365,1
RCA-05366,1
RCA-05367,1
RCA-05368,1
RCA-05369,1
RCA-05370,1
RCA-05371,1
RCA-05372,1
RCA-05373,1
RCA-05374,1
RCA-05375,1
RCA-05376,1
RCA-05377,1
RCA-05378,1
RCA-05379,1
RCA-05380,1
RCA-05381,1
RCA-05382,1
RCA-05383,1
RCA-05384,1
RCA-05385,1
RCA-05386,1
RCA-05387,1
RCA-05388,1
RCA-05389,1
RCA-05390,1
RCA-05391,1
RCA-05392,1
RCA-05393,1
RCA-05394,1
RCA-05395,1
RCA-05396,1
RCA-05397,1
RCA-05398,1
RCA-05399,1
RCA-05400,1
RCA-05401,1
RCA-05402,1
RCA-05403,1
RCA-05404,1
RCA-05405,1
RCA-05406,1
RCA-05407,1
RCA-05408,1
RCA-05409,1
RCA-05410,1
RCA-05411,1
RCA-05412,1
RCA-05413,1
RCA-05414,1
RCA-05415,1
RCA-05416,1
RCA-05417,1
RCA-05418,1
RCA-05419,1
RCA-05420,1
RCA-05421,1
RCA-05422,1
RCA-05423,1
RCA-05424,1
RCA-05425,1
RCA-05426,1
RCA-05427,1
RCA-05428,1
RCA-05429,1
RCA-05430,1
RCA-05431,1
RCA-05432,1
RCA-05433,1
RCA-05434,1
RCA-05435,1
RCA-05436,1
RCA-05437,1
RCA-05438,1
RCA-05439,1
RCA-05440,1
RCA-05441,1
RCA-05442,1
RCA-05443,1
RCA-05444,1
RCA-05445,1
RCA-05446,1
RCA-05447,1
RCA-05448,1
RCA-05449,1
RCA-05450,1
RCA-05451,1
RCA-05452,1
RCA-05453,1
RCA-05454,1
RCA-05455,1
RCA-05456,1
RCA-05457,1
RCA-05458,1
RCA-05459,1
RCA-05460,1
RCA-05461,1
RCA-05462,1
RCA-05463,1
RCA-05464,1
RCA-05465,1
RCA-05466,1
RCA-05467,1
RCA-05468,1
RCA-05469,1
RCA-05470,1
RCA-05471,1
RCA-05472,1
RCA-05473,1
RCA-05474,1
RCA-05475,1
RCA-05476,1
RCA-05477,1
RCA-05478,1
RCA-05479,1
RCA-05480,1
RCA-05481,1
RCA-05482,1
RCA-05483,1
RCA-05484,1
RCA-05485,1
RCA-05486,1
RCA-05487,1
RCA-05488,1
RCA-05489,1
RCA-05490,1
RCA-05491,1
RCA-05492,1
RCA-05493,1
RCA-05494,1
RCA-05495,1
RCA-05496,1
RCA-05497,1
RCA-05498,1
RCA-05499,1
RCA-05500,1
RCA-05501,1
RCA-05502,1
RCA-05503,1
RCA-05504,1
RCA-05505,1
RCA-05506,1
RCA-05507,1
RCA-05508,1
RCA-05509,1
RCA-05510,1
RCA-05511,1
RCA-05512,1
RCA-05513,1
RCA-05514,1
RCA-05515,1
RCA-05516,1
RCA-05517,1
RCA-05518,1
RCA-05519,1
RCA-05520,1
RCA-05521,1
RCA-05522,1
RCA-05523,1
RCA-05524,1
RCA-05525,1
RCA-05526,1
RCA-05527,1
RCA-05528,1
RCA-05529,1
RCA-05530,1
RCA-05531,1
RCA-05532,1
RCA-05533,1
RCA-05534,1
RCA-05535,1
RCA-05536,1
RCA-05537,1
RCA-05538,1
RCA-05539,1
RCA-05540,1
RCA-05541,1
RCA-05542,1
RCA-05543,1
RCA-05544,1
RCA-05545,1
RCA-05546,1
RCA-05547,1
RCA-05548,1
RCA-05549,1
RCA-05550,1
RCA-05551,1
RCA-05552,1
RCA-05553,1
RCA-05554,1
RCA-05555,1
RCA-05556,1
RCA-05557,1
RCA-05558,1
RCA-05559,1
RCA-05560,1
RCA-05561,1
RCA-05562,1
RCA-05563,1
RCA-05564,1
RCA-05565,1
RCA-05566,1
RCA-05567,1
RCA-05568,1
RCA-05569,1
RCA-05570,1
RCA-05571,1
RCA-05572,1
RCA-05573,1
RCA-05574,1
RCA-05575,1
RCA-05576,1
RCA-05577,1
RCA-05578,1
RCA-05579,1
RCA-05580,1
RCA-05581,1
RCA-05582,1
RCA-05583,1
RCA-05584,1
RCA-05585,1
RCA-05586,1
RCA-05587,1
RCA-05588,1
RCA-05589,1
RCA-05590,1
RCA-05591,1
RCA-05592,1
RCA-05593,1
RCA-05594,1
RCA-05595,1
RCA-05596,1
RCA-05597,1
RCA-05598,1
RCA-05599,1
RCA-05600,1
RCA-05601,1
RCA-05602,1
RCA-05603,1
RCA-05604,1
RCA-05605,1
RCA-05606,1
RCA-05607,1
RCA-05608,1
RCA-05609,1
RCA-05610,1
RCA-05611,1
RCA-05612,1
RCA-05613,1
RCA-05614,1
RCA-05615,1
RCA-05616,1
RCA-05617,1
RCA-05618,1
RCA-05619,1
RCA-05620,1
RCA-05621,1
RCA-05622,1
RCA-05623,1
RCA-05624,1
RCA-05625,1
RCA-05626,1
RCA-05627,1
RCA-05628,1
RCA-05629,1
RCA-05630,1
RCA-05631,1
RCA-05632,1
RCA-05633,1
RCA-05634,1
RCA-05635,1
RCA-05636,1
RCA-05637,1
RCA-05638,1
RCA-05639,1
RCA-05640,1
RCA-05641,1
RCA-05642,1
RCA-05643,1
RCA-05644,1
RCA-05645,1
RCA-05646,1
RCA-05647,1
RCA-05648,1
RCA-05649,1
RCA-05650,1
RCA-05651,1
RCA-05652,1
RCA-05653,1
RCA-05654,1
RCA-05655,1
RCA-05656,1
RCA-05657,1
RCA-05658,1
RCA-05659,1
RCA-05660,1
RCA-05661,1
RCA-05662,1
RCA-05663,1
RCA-05664,1
RCA-05665,1
RCA-05666,1
RCA-05667,1
RCA-05668,1
RCA-05669,1
RCA-05670,1
RCA-05671,1
RCA-05672,1
RCA-05673,1
RCA-05674,1
RCA-05675,1
RCA-05676,1
RCA-05677,1
RCA-05678,1
RCA-05679,1
RCA-05680,1
RCA-05681,1
RCA-05682,1
RCA-05683,1
RCA-05684,1
RCA-05685,1
RCA-05686,1
RCA-05687,1
RCA-05688,1
RCA-05689,1
RCA-05690,1
RCA-05691,1
RCA-05692,1
RCA-05693,1
RCA-05694,1
RCA-05695,1
RCA-05696,1
RCA-05697,1
RCA-05698,1
RCA-05699,1
RCA-05700,1
RCA-05701,1
RCA-05702,1
RCA-05703,1
RCA-05704,1
RCA-05705,1
RCA-05706,1
RCA-05707,1
RCA-05708,1
RCA-05709,1
RCA-05710,1
RCA-05711,1
RCA-05712,1
RCA-05713,1
RCA-05714,1
RCA-05715,1
RCA-05716,1
RCA-05717,1
RCA-05718,1
RCA-05719,1
RCA-05720,1
RCA-05721,1
RCA-05722,1
RCA-05723,1
RCA-05724,1
RCA-05725,1
RCA-05726,1
RCA-05727,1
RCA-05728,1
RCA-05729,1
RCA-05730,1
RCA-05731,1
RCA-05732,1
RCA-05733,1
RCA-05734,1
RCA-05735,1
RCA-05736,1
RCA-05737,1
RCA-05738,1
RCA-05739,1
RCA-05740,1
RCA-05741,1
RCA-05742,1
RCA-05743,1
RCA-05744,1
RCA-05745,1
RCA-05746,1
RCA-05747,1
RCA-05748,1
RCA-05749,1
RCA-05750,1
RCA-05751,1
RCA-05752,1
RCA-05753,1
RCA-05754,1
RCA-05755,1
RCA-05756,1
RCA-05757,1
RCA-05758,1
RCA-05759,1
RCA-05760,1
RCA-05761,1
RCA-05762,1
RCA-05763,1
RCA-05764,1
RCA-05765,1
RCA-05766,1
RCA-05767,1
RCA-05768,1
RCA-05769,1
RCA-05770,1
RCA-05771,1
RCA-05772,1
RCA-05773,1
RCA-05774,1
RCA-05775,1
RCA-05776,1
RCA-05777,1
RCA-05778,1
RCA-05779,1
RCA-05780,1
RCA-05781,1
RCA-05782,1
RCA-05783,1
RCA-05784,1
RCA-05785,1
RCA-05786,1
RCA-05787,1
RCA-05788,1
RCA-05789,1
RCA-05790,1
RCA-05791,1
RCA-05792,1
RCA-05793,1
RCA-05794,1
RCA-05795,1
RCA-05796,1
RCA-05797,1
RCA-05798,1
RCA-05799,1
RCA-05800,1
RCA-05801,1
RCA-05802,1
RCA-05803,1
RCA-05804,1
RCA-05805,1
RCA-05806,1
RCA-05807,1
RCA-05808,1
RCA-05809,1
RCA-05810,1
RCA-05811,1
RCA-05812,1
RCA-05813,1
RCA-05814,1
RCA-05815,1
RCA-05816,1
RCA-05817,1
RCA-05818,1
RCA-05819,1
RCA-05820,1
RCA-05821,1
RCA-05822,1
RCA-05823,1
RCA-05824,1
RCA-05825,1
RCA-05826,1
RCA-05827,1
RCA-05828,1
RCA-05829,1
RCA-05830,1
RCA-05831,1
RCA-05832,1
RCA-05833,1
RCA-05834,1
RCA-05835,1
RCA-05836,1
RCA-05837,1
RCA-05838,1
RCA-05839,1
RCA-05840,1
RCA-05841,1
RCA-05842,1
RCA-05843,1
RCA-05844,1
RCA-05845,1
RCA-05846,1
RCA-05847,1
RCA-05848,1
RCA-05849,1
RCA-05850,1
RCA-05851,1
RCA-05852,1
RCA-05853,1
RCA-05854,1
RCA-05855,1
RCA-05856,1
RCA-05857,1
RCA-05858,1
RCA-05859,1
RCA-05860,1
RCA-05861,1
RCA-05862,1
RCA-05863,1
RCA-05864,1
RCA-05865,1
RCA-05866,1
RCA-05867,1
RCA-05868,1
RCA-05869,1
RCA-05870,1
RCA-05871,1
RCA-05872,1
RCA-05873,1
RCA-05874,1
RCA-05875,1
RCA-05876,1
RCA-05877,1
RCA-05878,1
RCA-05879,1
RCA-05880,1
RCA-05881,1
RCA-05882,1
RCA-05883,1
RCA-05884,1
RCA-05885,1
RCA-05886,1
RCA-05887,1
RCA-05888,1
RCA-05889,1
RCA-05890,1
RCA-05891,1
RCA-05892,1
RCA-05893,1
RCA-05894,1
RCA-05895,1
RCA-05896,1
RCA-05897,1
RCA-05898,1
RCA-05899,1
RCA-05900,1
RCA-05901,1
RCA-05902,1
RCA-05903,1
RCA-05904,1
RCA-05905,1
RCA-05906,1
RCA-05907,1
RCA-05908,1
RCA-05909,1
RCA-05910,1
RCA-05911,1
RCA-05912,1
RCA-05913,1
RCA-05914,1
RCA-05915,1
RCA-05916,1
RCA-05917,1
RCA-05918,1
RCA-05919,1
RCA-05920,1
RCA-05921,1
RCA-05922,1
RCA-05923,1
RCA-05924,1
RCA-05925,1
RCA-05926,1
RCA-05927,1
RCA-05928,1
RCA-05929,1
RCA-05930,1
RCA-05931,1
RCA-05932,1
RCA-05933,1
RCA-05934,1
RCA-05935,1
RCA-05936,1
RCA-05937,1
RCA-05938,1
RCA-05939,1
RCA-05940,1
RCA-05941,1
RCA-05942,1
RCA-05943,1
RCA-05944,1
RCA-05945,1
RCA-05946,1
RCA-05947,1
RCA-05948,1
RCA-05949,1
RCA-05950,1
RCA-05951,1
RCA-05952,1
RCA-05953,1
RCA-05954,1
RCA-05955,1
RCA-05956,1
RCA-05957,1
RCA-05958,1
RCA-05959,1
RCA-05960,1
RCA-05961,1
RCA-05962,1
RCA-05963,1
RCA-05964,1
RCA-05965,1
RCA-05966,1
RCA-05967,1
RCA-05968,1
RCA-05969,1
RCA-05970,1
RCA-05971,1
RCA-05972,1
RCA-05973,1
RCA-05974,1
RCA-05975,1
RCA-05976,1
RCA-05977,1
RCA-05978,1
RCA-05979,1
RCA-05980,1
RCA-05981,1
RCA-05982,1
RCA-05983,1
RCA-05984,1
RCA-05985,1
RCA-05986,1
RCA-05987,1
RCA-05988,1
RCA-05989,1
RCA-05990,1
RCA-05991,1
RCA-05992,1
RCA-05993,1
RCA-05994,1
RCA-05995,1
RCA-05996,1
RCA-05997,1
RCA-05998,1
RCA-05999,1
RCA-06000,1
RCA-06001,1
RCA-06002,1
RCA-06003,1
RCA-06004,1
RCA-06005,1
RCA-06006,1
RCA-06007,1
RCA-06008,1
RCA-06009,1
RCA-06010,1
RCA-06011,1
RCA-06012,1
RCA-06013,1
RCA-06014,1
RCA-06015,1
RCA-06016,1
RCA-06017,1
RCA-06018,1
RCA-06019,1
RCA-06020,1
RCA-06021,1
RCA-06022,1
RCA-06023,1
RCA-06024,1
RCA-06025,1
RCA-06026,1
RCA-06027,1
RCA-06028,1
RCA-06029,1
RCA-06030,1
RCA-06031,1
RCA-06032,1
RCA-06033,1
RCA-06034,1
RCA-06035,1
RCA-06036,1
RCA-06037,1
RCA-06038,1
RCA-06039,1
RCA-06040,1
RCA-06041,1
RCA-06042,1
RCA-06043,1
RCA-06044,1
RCA-06045,1
RCA-06046,1
RCA-06047,1
RCA-06048,1
RCA-06049,1
RCA-06050,1
RCA-06051,1
RCA-06052,1
RCA-06053,1
RCA-06054,1
RCA-06055,1
RCA-06056,1
RCA-06057,1
RCA-06058,1
RCA-06059,1
RCA-06060,1
RCA-06061,1
RCA-06062,1
RCA-06063,1
RCA-06064,1
RCA-06065,1
RCA-06066,1
RCA-06067,1
RCA-06068,1
RCA-06069,1
RCA-06070,1
RCA-06071,1
RCA-06072,1
RCA-06073,1
RCA-06074,1
RCA-06075,1
RCA-06076,1
RCA-06077,1
RCA-06078,1
RCA-06079,1
RCA-06080,1
RCA-06081,1
RCA-06082,1
RCA-06083,1
RCA-06084,1
RCA-06085,1
RCA-06086,1
RCA-06087,1
RCA-06088,1
RCA-06089,1
RCA-06090,1
RCA-06091,1
RCA-06092,1
RCA-06093,1
RCA-06094,1
RCA-06095,1
RCA-06096,1
RCA-06097,1
RCA-06098,1
RCA-06099,1
RCA-06100,1
RCA-06101,1
RCA-06102,1
RCA-06103,1
RCA-06104,1
RCA-06105,1
RCA-06106,1
RCA-06107,1
RCA-06108,1
RCA-06109,1
RCA-06110,1
RCA-06111,1
RCA-06112,1
RCA-06113,1
RCA-06114,1
RCA-06115,1
RCA-06116,1
RCA-06117,1
RCA-06118,1
RCA-06119,1
RCA-06120,1
RCA-06121,1
RCA-06122,1
RCA-06123,1
RCA-06124,1
RCA-06125,1
RCA-06126,1
RCA-06127,1
RCA-06128,1
RCA-06129,1
RCA-06130,1
RCA-06131,1
RCA-06132,1
RCA-06133,1
RCA-06134,1
RCA-06135,1
RCA-06136,1
RCA-06137,1
RCA-06138,1
RCA-06139,1
RCA-06140,1
RCA-06141,1
RCA-06142,1
RCA-06143,1
RCA-06144,1
RCA-06145,1
RCA-06146,1
RCA-06147,1
RCA-06148,1
RCA-06149,1
RCA-06150,1
RCA-06151,1
RCA-06152,1
RCA-06153,1
RCA-06154,1
RCA-06155,1
RCA-06156,1
RCA-06157,1
RCA-06158,1
RCA-06159,1
RCA-06160,1
RCA-06161,1
RCA-06162,1
RCA-06163,1
RCA-06164,1
RCA-06165,1
RCA-06166,1
RCA-06167,1
RCA-06168,1
RCA-06169,1
RCA-06170,1
RCA-06171,1
RCA-06172,1
RCA-06173,1
RCA-06174,1
RCA-06175,1
RCA-06176,1
RCA-06177,1
RCA-06178,1
RCA-06179,1
RCA-06180,1
RCA-06181,1
RCA-06182,1
RCA-06183,1
RCA-06184,1
RCA-06185,1
RCA-06186,1
RCA-06187,1
RCA-06188,1
RCA-06189,1
RCA-06190,1
RCA-06191,1
RCA-06192,1
RCA-06193,1
RCA-06194,1
RCA-06195,1
RCA-06196,1
RCA-06197,1
RCA-06198,1
RCA-06199,1
RCA-06200,1
RCA-06201,1
RCA-06202,1
RCA-06203,1
RCA-06204,1
RCA-06205,1
RCA-06206,1
RCA-06207,1
RCA-06208,1
RCA-06209,1
RCA-06210,1
RCA-06211,1
RCA-06212,1
RCA-06213,1
RCA-06214,1
RCA-06215,1
RCA-06216,1
RCA-06217,1
RCA-06218,1
RCA-06219,1
RCA-06220,1
RCA-06221,1
RCA-06222,1
RCA-06223,1
RCA-06224,1
RCA-06225,1
RCA-06226,1
RCA-06227,1
RCA-06228,1
RCA-06229,1
RCA-06230,1
RCA-06231,1
RCA-06232,1
RCA-06233,1
RCA-06234,1
RCA-06235,1
RCA-06236,1
RCA-06237,1
RCA-06238,1
RCA-06239,1
RCA-06240,1
RCA-06241,1
RCA-06242,1
RCA-06243,1
RCA-06244,1
RCA-06245,1
RCA-06246,1
RCA-06247,1
RCA-06248,1
RCA-06249,1
RCA-06250,1
RCA-06251,1
RCA-06252,1
RCA-06253,1
RCA-06254,1
RCA-06255,1
RCA-06256,1
RCA-06257,1
RCA-06258,1
RCA-06259,1
RCA-06260,1
RCA-06261,1
RCA-06262,1
RCA-06263,1
RCA-06264,1
RCA-06265,1
RCA-06266,1
RCA-06267,1
RCA-06268,1
RCA-06269,1
RCA-06270,1
RCA-06271,1
RCA-06272,1
RCA-06273,1
RCA-06274,1
RCA-06275,1
RCA-06276,1
RCA-06277,1
RCA-06278,1
RCA-06279,1
RCA-06280,1
RCA-06281,1
RCA-06282,1
RCA-06283,1
RCA-06284,1
RCA-06285,1
RCA-06286,1
RCA-06287,1
RCA-06288,1
RCA-06289,1
RCA-06290,1
RCA-06291,1
RCA-06292,1
RCA-06293,1
RCA-06294,1
RCA-06295,1
RCA-06296,1
RCA-06297,1
RCA-06298,1
RCA-06299,1
RCA-06300,1
RCA-06301,1
RCA-06302,1
RCA-06303,1
RCA-06304,1
RCA-06305,1
RCA-06306,1
RCA-06307,1
RCA-06308,1
RCA-06309,1
RCA-06310,1
RCA-06311,1
RCA-06312,1
RCA-06313,1
RCA-06314,1
RCA-06315,1
RCA-06316,1
RCA-06317,1
RCA-06318,1
RCA-06319,1
RCA-06320,1
RCA-06321,1
RCA-06322,1
RCA-06323,1
RCA-06324,1
RCA-06325,1
RCA-06326,1
RCA-06327,1
RCA-06328,1
RCA-06329,1
RCA-06330,1
RCA-06331,1
RCA-06332,1
RCA-06333,1
RCA-06334,1
RCA-06335,1
RCA-06336,1
RCA-06337,1
RCA-06338,1
RCA-06339,1
RCA-06340,1
RCA-06341,1
RCA-06342,1
RCA-06343,1
RCA-06344,1
RCA-06345,1
RCA-06346,1
RCA-06347,1
RCA-06348,1
RCA-06349,1
RCA-06350,1
RCA-06351,1
RCA-06352,1
RCA-06353,1
RCA-06354,1
RCA-06355,1
RCA-06356,1
RCA-06357,1
RCA-06358,1
RCA-06359,1
RCA-06360,1
RCA-06361,1
RCA-06362,1
RCA-06363,1
RCA-06364,1
RCA-06365,1
RCA-06366,1
RCA-06367,1
RCA-06368,1
RCA-06369,1
RCA-06370,1
RCA-06371,1
RCA-06372,1
RCA-06373,1
RCA-06374,1
RCA-06375,1
RCA-06376,1
RCA-06377,1
RCA-06378,1
RCA-06379,1
RCA-06380,1
RCA-06381,1
RCA-06382,1
RCA-06383,1
RCA-06384,1
RCA-06385,1
RCA-06386,1
RCA-06387,1
RCA-06388,1
RCA-06389,1
RCA-06390,1
RCA-06391,1
RCA-06392,1
RCA-06393,1
RCA-06394,1
RCA-06395,1
RCA-06396,1
RCA-06397,1
RCA-06398,1
RCA-06399,1
RCA-06400,1
RCA-06401,1
RCA-06402,1
RCA-06403,1
RCA-06404,1
RCA-06405,1
RCA-06406,1
RCA-06407,1
RCA-06408,1
RCA-06409,1
RCA-06410,1
RCA-06411,1
RCA-06412,1
RCA-06413,1
RCA-06414,1
RCA-06415,1
RCA-06416,1
RCA-06417,1
RCA-06418,1
RCA-06419,1
RCA-06420,1
RCA-06421,1
RCA-06422,1
RCA-06423,1
RCA-06424,1
RCA-06425,1
RCA-06426,1
RCA-06427,1
RCA-06428,1
RCA-06429,1
RCA-06430,1
RCA-06431,1
RCA-06432,1
RCA-06433,1
RCA-06434,1
RCA-06435,1
RCA-06436,1
RCA-06437,1
RCA-06438,1
RCA-06439,1
RCA-06440,1
RCA-06441,1
RCA-06442,1
RCA-06443,1
RCA-06444,1
RCA-06445,1
RCA-06446,1
RCA-06447,1
RCA-06448,1
RCA-06449,1
RCA-06450,1
RCA-06451,1
RCA-06452,1
RCA-06453,1
RCA-06454,1
RCA-06455,1
RCA-06456,1
RCA-06457,1
RCA-06458,1
RCA-06459,1
RCA-06460,1
RCA-06461,1
RCA-06462,1
RCA-06463,1
RCA-06464,1
RCA-06465,1
RCA-06466,1
RCA-06467,1
RCA-06468,1
RCA-06469,1
RCA-06470,1
RCA-06471,1
RCA-06472,1
RCA-06473,1
RCA-06474,1
RCA-06475,1
RCA-06476,1
RCA-06477,1
RCA-06478,1
RCA-06479,1
RCA-06480,1
RCA-06481,1
RCA-06482,1
RCA-06483,1
RCA-06484,1
RCA-06485,1
RCA-06486,1
RCA-06487,1
RCA-06488,1
RCA-06489,1
RCA-06490,1
RCA-06491,1
RCA-06492,1
RCA-06493,1
RCA-06494,1
RCA-06495,1
RCA-06496,1
RCA-06497,1
RCA-06498,1
RCA-06499,1
RCA-06500,1
RCA-06501,1
RCA-06502,1
RCA-06503,1
RCA-06504,1
RCA-06505,1
RCA-06506,1
RCA-06507,1
RCA-06508,1
RCA-06509,1
RCA-06510,1
RCA-06511,1
RCA-06512,1
RCA-06513,1
RCA-06514,1
RCA-06515,1
RCA-06516,1
RCA-06517,1
RCA-06518,1
RCA-06519,1
RCA-06520,1
RCA-06521,1
RCA-06522,1
RCA-06523,1
RCA-06524,1
RCA-06525,1
RCA-06526,1
RCA-06527,1
RCA-06528,1
RCA-06529,1
RCA-06530,1
RCA-06531,1
RCA-06532,1
RCA-06533,1
RCA-06534,1
RCA-06535,1
RCA-06536,1
RCA-06537,1
RCA-06538,1
RCA-06539,1
RCA-06540,1
RCA-06541,1
RCA-06542,1
RCA-06543,1
RCA-06544,1
RCA-06545,1
RCA-06546,1
RCA-06547,1
RCA-06548,1
RCA-06549,1
RCA-06550,1
RCA-06551,1
RCA-06552,1
RCA-06553,1
RCA-06554,1
RCA-06555,1
RCA-06556,1
RCA-06557,1
RCA-06558,1
RCA-06559,1
RCA-06560,1
RCA-06561,1
RCA-06562,1
RCA-06563,1
RCA-06564,1
RCA-06565,1
RCA-06566,1
RCA-06567,1
RCA-06568,1
RCA-06569,1
RCA-06570,1
RCA-06571,1
RCA-06572,1
RCA-06573,1
RCA-06574,1
RCA-06575,1
RCA-06576,1
RCA-06577,1
RCA-06578,1
RCA-06579,1
RCA-06580,1
RCA-06581,1
RCA-06582,1
RCA-06583,1
RCA-06584,1
RCA-06585,1
RCA-06586,1
RCA-06587,1
RCA-06588,1
RCA-06589,1
RCA-06590,1
RCA-06591,1
RCA-06592,1
RCA-06593,1
RCA-06594,1
RCA-06595,1
RCA-06596,1
RCA-06597,1
RCA-06598,1
RCA-06599,1
RCA-06600,1
RCA-06601,1
RCA-06602,1
RCA-06603,1
RCA-06604,1
RCA-06605,1
RCA-06606,1
RCA-06607,1
RCA-06608,1
RCA-06609,1
RCA-06610,1
RCA-06611,1
RCA-06612,1
RCA-06613,1
RCA-06614,1
RCA-06615,1
RCA-06616,1
RCA-06617,1
RCA-06618,1
RCA-06619,1
RCA-06620,1
RCA-06621,1
RCA-06622,1
RCA-06623,1
RCA-06624,1
RCA-06625,1
RCA-06626,1
RCA-06627,1
RCA-06628,1
RCA-06629,1
RCA-06630,1
RCA-06631,1
RCA-06632,1
RCA-06633,1
RCA-06634,1
RCA-06635,1
RCA-06636,1
RCA-06637,1
RCA-06638,1
RCA-06639,1
RCA-06640,1
RCA-06641,1
RCA-06642,1
RCA-06643,1
RCA-06644,1
RCA-06645,1
RCA-06646,1
RCA-06647,1
RCA-06648,1
RCA-06649,1
RCA-06650,1
RCA-06651,1
RCA-06652,1
RCA-06653,1
RCA-06654,1
RCA-06655,1
RCA-06656,1
RCA-06657,1
RCA-06658,1
RCA-06659,1
RCA-06660,1
RCA-06661,1
RCA-06662,1
RCA-06663,1
RCA-06664,1
RCA-06665,1
RCA-06666,1
RCA-06667,1
RCA-06668,1
RCA-06669,1
RCA-06670,1
RCA-06671,1
RCA-06672,1
RCA-06673,1
RCA-06674,1
RCA-06675,1
RCA-06676,1
RCA-06677,1
RCA-06678,1
RCA-06679,1
RCA-06680,1
RCA-06681,1
RCA-06682,1
RCA-06683,1
RCA-06684,1
RCA-06685,1
RCA-06686,1
RCA-06687,1
RCA-06688,1
RCA-06689,1
RCA-06690,1
RCA-06691,1
RCA-06692,1
RCA-06693,1
RCA-06694,1
RCA-06695,1
RCA-06696,1
RCA-06697,1
RCA-06698,1
RCA-06699,1
RCA-06700,1
RCA-06701,1
RCA-06702,1
RCA-06703,1
RCA-06704,1
RCA-06705,1
RCA-06706,1
RCA-06707,1
RCA-06708,1
RCA-06709,1
RCA-06710,1
RCA-06711,1
RCA-06712,1
RCA-06713,1
RCA-06714,1
RCA-06715,1
RCA-06716,1
RCA-06717,1
RCA-06718,1
RCA-06719,1
RCA-06720,1
RCA-06721,1
RCA-06722,1
RCA-06723,1
RCA-06724,1
RCA-06725,1
RCA-06726,1
RCA-06727,1
RCA-06728,1
RCA-06729,1
RCA-06730,1
RCA-06731,1
RCA-06732,1
RCA-06733,1
RCA-06734,1
RCA-06735,1
RCA-06736,1
RCA-06737,1
RCA-06738,1
RCA-06739,1
RCA-06740,1
RCA-06741,1
RCA-06742,1
RCA-06743,1
RCA-06744,1
RCA-06745,1
RCA-06746,1
RCA-06747,1
RCA-06748,1
RCA-06749,1
RCA-06750,1
RCA-06751,1
RCA-06752,1
RCA-06753,1
RCA-06754,1
RCA-06755,1
RCA-06756,1
RCA-06757,1
RCA-06758,1
RCA-06759,1
RCA-06760,1
RCA-06761,1
RCA-06762,1
RCA-06763,1
RCA-06764,1
RCA-06765,1
RCA-06766,1
RCA-06767,1
RCA-06768,1
RCA-06769,1
RCA-06770,1
RCA-06771,1
RCA-06772,1
RCA-06773,1
RCA-06774,1
RCA-06775,1
RCA-06776,1
RCA-06777,1
RCA-06778,1
RCA-06779,1
RCA-06780,1
RCA-06781,1
RCA-06782,1
RCA-06783,1
RCA-06784,1
RCA-06785,1
RCA-06786,1
RCA-06787,1
RCA-06788,1
RCA-06789,1
RCA-06790,1
RCA-06791,1
RCA-06792,1
RCA-06793,1
RCA-06794,1
RCA-06795,1
RCA-06796,1
RCA-06797,1
RCA-06798,1
RCA-06799,1
RCA-06800,1
RCA-06801,1
RCA-06802,1
RCA-06803,1
RCA-06804,1
RCA-06805,1
RCA-06806,1
RCA-06807,1
RCA-06808,1
RCA-06809,1
RCA-06810,1
RCA-06811,1
RCA-06812,1
RCA-06813,1
RCA-06814,1
RCA-06815,1
RCA-06816,1
RCA-06817,1
RCA-06818,1
RCA-06819,1
RCA-06820,1
RCA-06821,1
RCA-06822,1
RCA-06823,1
RCA-06824,1
RCA-06825,1
RCA-06826,1
RCA-06827,1
RCA-06828,1
RCA-06829,1
RCA-06830,1
RCA-06831,1
RCA-06832,1
RCA-06833,1
RCA-06834,1
RCA-06835,1
RCA-06836,1
RCA-06837,1
RCA-06838,1
RCA-06839,1
RCA-06840,1
RCA-06841,1
RCA-06842,1
RCA-06843,1
RCA-06844,1
RCA-06845,1
RCA-06846,1
RCA-06847,1
RCA-06848,1
RCA-06849,1
RCA-06850,1
RCA-06851,1
RCA-06852,1
RCA-06853,1
RCA-06854,1
RCA-06855,1
RCA-06856,1
RCA-06857,1
RCA-06858,1
RCA-06859,1
RCA-06860,1
RCA-06861,1
RCA-06862,1
RCA-06863,1
RCA-06864,1
RCA-06865,1
RCA-06866,1
RCA-06867,1
RCA-06868,1
RCA-06869,1
RCA-06870,1
RCA-06871,1
RCA-06872,1
RCA-06873,1
RCA-06874,1
RCA-06875,1
RCA-06876,1
RCA-06877,1
RCA-06878,1
RCA-06879,1
RCA-06880,1
RCA-06881,1
RCA-06882,1
RCA-06883,1
RCA-06884,1
RCA-06885,1
RCA-06886,1
RCA-06887,1
RCA-06888,1
RCA-06889,1
RCA-06890,1
RCA-06891,1
RCA-06892,1
RCA-06893,1
RCA-06894,1
RCA-06895,1
RCA-06896,1
RCA-06897,1
RCA-06898,1
RCA-06899,1
RCA-06900,1
RCA-06901,1
RCA-06902,1
RCA-06903,1
RCA-06904,1
RCA-06905,1
RCA-06906,1
RCA-06907,1
RCA-06908,1
RCA-06909,1
RCA-06910,1
RCA-06911,1
RCA-06912,1
RCA-06913,1
RCA-06914,1
RCA-06915,1
RCA-06916,1
RCA-06917,1
RCA-06918,1
RCA-06919,1
RCA-06920,1
RCA-06921,1
RCA-06922,1
RCA-06923,1
RCA-06924,1
RCA-06925,1
RCA-06926,1
RCA-06927,1
RCA-06928,1
RCA-06929,1
RCA-06930,1
RCA-06931,1
RCA-06932,1
RCA-06933,1
RCA-06934,1
RCA-06935,1
RCA-06936,1
RCA-06937,1
RCA-06938,1
RCA-06939,1
RCA-06940,1
RCA-06941,1
RCA-06942,1
RCA-06943,1
RCA-06944,1
RCA-06945,1
RCA-06946,1
RCA-06947,1
RCA-06948,1
RCA-06949,1
RCA-06950,1
RCA-06951,1
RCA-06952,1
RCA-06953,1
RCA-06954,1
RCA-06955,1
RCA-06956,1
RCA-06957,1
RCA-06958,1
RCA-06959,1
RCA-06960,1
RCA-06961,1
RCA-06962,1
RCA-06963,1
RCA-06964,1
RCA-06965,1
RCA-06966,1
RCA-06967,1
RCA-06968,1
RCA-06969,1
RCA-06970,1
RCA-06971,1
RCA-06972,1
RCA-06973,1
RCA-06974,1
RCA-06975,1
RCA-06976,1
RCA-06977,1
RCA-06978,1
RCA-06979,1
RCA-06980,1
RCA-06981,1
RCA-06982,1
RCA-06983,1
RCA-06984,1
RCA-06985,1
RCA-06986,1
RCA-06987,1
RCA-06988,1
RCA-06989,1
RCA-06990,1
RCA-06991,1
RCA-06992,1
RCA-06993,1
RCA-06994,1
RCA-06995,1
RCA-06996,1
RCA-06997,1
RCA-06998,1
RCA-06999,1
RCA-07000,1
RCA-07001,1
RCA-07002,1
RCA-07003,1
RCA-07004,1
RCA-07005,1
RCA-07006,1
RCA-07007,1
RCA-07008,1
RCA-07009,1
RCA-07010,1
RCA-07011,1
RCA-07012,1
RCA-07013,1
RCA-07014,1
RCA-07015,1
RCA-07016,1
RCA-07017,1
RCA-07018,1
RCA-07019,1
RCA-07020,1
RCA-07021,1
RCA-07022,1
RCA-07023,1
RCA-07024,1
RCA-07025,1
RCA-07026,1
RCA-07027,1
RCA-07028,1
RCA-07029,1
RCA-07030,1
RCA-07031,1
RCA-07032,1
RCA-07033,1
RCA-07034,1
RCA-07035,1
RCA-07036,1
RCA-07037,1
RCA-07038,1
RCA-07039,1
RCA-07040,1
RCA-07041,1
RCA-07042,1
RCA-07043,1
RCA-07044,1
RCA-07045,1
RCA-07046,1
RCA-07047,1
RCA-07048,1
RCA-07049,1
RCA-07050,1
RCA-07051,1
RCA-07052,1
RCA-07053,1
RCA-07054,1
RCA-07055,1
RCA-07056,1
RCA-07057,1
RCA-07058,1
RCA-07059,1
RCA-07060,1
RCA-07061,1
RCA-07062,1
RCA-07063,1
RCA-07064,1
RCA-07065,1
RCA-07066,1
RCA-07067,1
RCA-07068,1
RCA-07069,1
RCA-07070,1
RCA-07071,1
RCA-07072,1
RCA-07073,1
RCA-07074,1
RCA-07075,1
RCA-07076,1
RCA-07077,1
RCA-07078,1
RCA-07079,1
RCA-07080,1
RCA-07081,1
RCA-07082,1
RCA-07083,1
RCA-07084,1
RCA-07085,1
RCA-07086,1
RCA-07087,1
RCA-07088,1
RCA-07089,1
RCA-07090,1
RCA-07091,1
RCA-07092,1
RCA-07093,1
RCA-07094,1
RCA-07095,1
RCA-07096,1
RCA-07097,1
RCA-07098,1
RCA-07099,1
RCA-07100,1
RCA-07101,1
RCA-07102,1
RCA-07103,1
RCA-07104,1
RCA-07105,1
RCA-07106,1
RCA-07107,1
RCA-07108,1
RCA-07109,1
RCA-07110,1
RCA-07111,1
RCA-07112,1
RCA-07113,1
RCA-07114,1
RCA-07115,1
RCA-07116,1
RCA-07117,1
RCA-07118,1
RCA-07119,1
RCA-07120,1
RCA-07121,1
RCA-07122,1
RCA-07123,1
RCA-07124,1
RCA-07125,1
RCA-07126,1
RCA-07127,1
RCA-07128,1
RCA-07129,1
RCA-07130,1
RCA-07131,1
RCA-07132,1
RCA-07133,1
RCA-07134,1
RCA-07135,1
RCA-07136,1
RCA-07137,1
RCA-07138,1
RCA-07139,1
RCA-07140,1
RCA-07141,1
RCA-07142,1
RCA-07143,1
RCA-07144,1
RCA-07145,1
RCA-07146,1
RCA-07147,1
RCA-07148,1
RCA-07149,1
RCA-07150,1
RCA-07151,1
RCA-07152,1
RCA-07153,1
RCA-07154,1
RCA-07155,1
RCA-07156,1
RCA-07157,1
RCA-07158,1
RCA-07159,1
RCA-07160,1
RCA-07161,1
RCA-07162,1
RCA-07163,1
RCA-07164,1
RCA-07165,1
RCA-07166,1
RCA-07167,1
RCA-07168,1
RCA-07169,1
RCA-07170,1
RCA-07171,1
RCA-07172,1
RCA-07173,1
RCA-07174,1
RCA-07175,1
RCA-07176,1
RCA-07177,1
RCA-07178,1
RCA-07179,1
RCA-07180,1
RCA-07181,1
RCA-07182,1
RCA-07183,1
RCA-07184,1
RCA-07185,1
RCA-07186,1
RCA-07187,1
RCA-07188,1
RCA-07189,1
RCA-07190,1
RCA-07191,1
RCA-07192,1
RCA-07193,1
RCA-07194,1
RCA-07195,1
RCA-07196,1
RCA-07197,1
RCA-07198,1
RCA-07199,1
RCA-07200,1
RCA-07201,1
RCA-07202,1
RCA-07203,1
RCA-07204,1
RCA-07205,1
RCA-07206,1
RCA-07207,1
RCA-07208,1
RCA-07209,1
RCA-07210,1
RCA-07211,1
RCA-07212,1
RCA-07213,1
RCA-07214,1
RCA-07215,1
RCA-07216,1
RCA-07217,1
RCA-07218,1
RCA-07219,1
RCA-07220,1
RCA-07221,1
RCA-07222,1
RCA-07223,1
RCA-07224,1
RCA-07225,1
RCA-07226,1
RCA-07227,1
RCA-07228,1
RCA-07229,1
RCA-07230,1
RCA-07231,1
RCA-07232,1
RCA-07233,1
RCA-07234,1
RCA-07235,1
RCA-07236,1
RCA-07237,1
RCA-07238,1
RCA-07239,1
RCA-07240,1
RCA-07241,1
RCA-07242,1
RCA-07243,1
RCA-07244,1
RCA-07245,1
RCA-07246,1
RCA-07247,1
RCA-07248,1
RCA-07249,1
RCA-07250,1
RCA-07251,1
RCA-07252,1
RCA-07253,1
RCA-07254,1
RCA-07255,1
RCA-07256,1
RCA-07257,1
RCA-07258,1
RCA-07259,1
RCA-07260,1
RCA-07261,1
RCA-07262,1
RCA-07263,1
RCA-07264,1
RCA-07265,1
RCA-07266,1
RCA-07267,1
RCA-07268,1
RCA-07269,1
RCA-07270,1
RCA-07271,1
RCA-07272,1
RCA-07273,1
RCA-07274,1
RCA-07275,1
RCA-07276,1
RCA-07277,1
RCA-07278,1
RCA-07279,1
RCA-07280,1
RCA-07281,1
RCA-07282,1
RCA-07283,1
RCA-07284,1
RCA-07285,1
RCA-07286,1
RCA-07287,1
RCA-07288,1
RCA-07289,1
RCA-07290,1
RCA-07291,1
RCA-07292,1
RCA-07293,1
RCA-07294,1
RCA-07295,1
RCA-07296,1
RCA-07297,1
RCA-07298,1
RCA-07299,1
RCA-07300,1
RCA-07301,1
RCA-07302,1
RCA-07303,1
RCA-07304,1
RCA-07305,1
RCA-07306,1
RCA-07307,1
RCA-07308,1
RCA-07309,1
RCA-07310,1
RCA-07311,1
RCA-07312,1
RCA-07313,1
RCA-07314,1
RCA-07315,1
RCA-07316,1
RCA-07317,1
RCA-07318,1
RCA-07319,1
RCA-07320,1
RCA-07321,1
RCA-07322,1
RCA-07323,1
RCA-07324,1
RCA-07325,1
RCA-07326,1
RCA-07327,1
RCA-07328,1
RCA-07329,1
RCA-07330,1
RCA-07331,1
RCA-07332,1
RCA-07333,1
RCA-07334,1
RCA-07335,1
RCA-07336,1
RCA-07337,1
RCA-07338,1
RCA-07339,1
RCA-07340,1
RCA-07341,1
RCA-07342,1
RCA-07343,1
RCA-07344,1
RCA-07345,1
RCA-07346,1
RCA-07347,1
RCA-07348,1
RCA-07349,1
RCA-07350,1
RCA-07351,1
RCA-07352,1
RCA-07353,1
RCA-07354,1
RCA-07355,1
RCA-07356,1
RCA-07357,1
RCA-07358,1
RCA-07359,1
RCA-07360,1
RCA-07361,1
RCA-07362,1
RCA-07363,1
RCA-07364,1
RCA-07365,1
RCA-07366,1
RCA-07367,1
RCA-07368,1
RCA-07369,1
RCA-07370,1
RCA-07371,1
RCA-07372,1
RCA-07373,1
RCA-07374,1
RCA-07375,1
RCA-07376,1
RCA-07377,1
RCA-07378,1
RCA-07379,1
RCA-07380,1
RCA-07381,1
RCA-07382,1
RCA-07383,1
RCA-07384,1
RCA-07385,1
RCA-07386,1
RCA-07387,1
RCA-07388,1
RCA-07389,1
RCA-07390,1
RCA-07391,1
RCA-07392,1
RCA-07393,1
RCA-07394,1
RCA-07395,1
RCA-07396,1
RCA-07397,1
RCA-07398,1
RCA-07399,1
RCA-07400,1
RCA-07401,1
RCA-07402,1
RCA-07403,1
RCA-07404,1
RCA-07405,1
RCA-07406,1
RCA-07407,1
RCA-07408,1
RCA-07409,1
RCA-07410,1
RCA-07411,1
RCA-07412,1
RCA-07413,1
RCA-07414,1
RCA-07415,1
RCA-07416,1
RCA-07417,1
RCA-07418,1
RCA-07419,1
RCA-07420,1
RCA-07421,1
RCA-07422,1
RCA-07423,1
RCA-07424,1
RCA-07425,1
RCA-07426,1
RCA-07427,1
RCA-07428,1
RCA-07429,1
RCA-07430,1
RCA-07431,1
RCA-07432,1
RCA-07433,1
RCA-07434,1
RCA-07435,1
RCA-07436,1
RCA-07437,1
RCA-07438,1
RCA-07439,1
RCA-07440,1
RCA-07441,1
RCA-07442,1
RCA-07443,1
RCA-07444,1
RCA-07445,1
RCA-07446,1
RCA-07447,1
RCA-07448,1
RCA-07449,1
RCA-07450,1
RCA-07451,1
RCA-07452,1
RCA-07453,1
RCA-07454,1
RCA-07455,1
RCA-07456,1
RCA-07457,1
RCA-07458,1
RCA-07459,1
RCA-07460,1
RCA-07461,1
RCA-07462,1
RCA-07463,1
RCA-07464,1
RCA-07465,1
RCA-07466,1
RCA-07467,1
RCA-07468,1
RCA-07469,1
RCA-07470,1
RCA-07471,1
RCA-07472,1
RCA-07473,1
RCA-07474,1
RCA-07475,1
RCA-07476,1
RCA-07477,1
RCA-07478,1
RCA-07479,1
RCA-07480,1
RCA-07481,1
RCA-07482,1
RCA-07483,1
RCA-07484,1
RCA-07485,1
RCA-07486,1
RCA-07487,1
RCA-07488,1
RCA-07489,1
RCA-07490,1
RCA-07491,1
RCA-07492,1
RCA-07493,1
RCA-07494,1
RCA-07495,1
RCA-07496,1
RCA-07497,1
RCA-07498,1
RCA-07499,1
RCA-07500,1
RCA-07501,1
RCA-07502,1
RCA-07503,1
RCA-07504,1
RCA-07505,1
RCA-07506,1
RCA-07507,1
RCA-07508,1
RCA-07509,1
RCA-07510,1
RCA-07511,1
RCA-07512,1
RCA-07513,1
RCA-07514,1
RCA-07515,1
RCA-07516,1
RCA-07517,1
RCA-07518,1
RCA-07519,1
RCA-07520,1
RCA-07521,1
RCA-07522,1
RCA-07523,1
RCA-07524,1
RCA-07525,1
RCA-07526,1
RCA-07527,1
RCA-07528,1
RCA-07529,1
RCA-07530,1
RCA-07531,1
RCA-07532,1
RCA-07533,1
RCA-07534,1
RCA-07535,1
RCA-07536,1
RCA-07537,1
RCA-07538,1
RCA-07539,1
RCA-07540,1
RCA-07541,1
RCA-07542,1
RCA-07543,1
RCA-07544,1
RCA-07545,1
RCA-07546,1
RCA-07547,1
RCA-07548,1
RCA-07549,1
RCA-07550,1
RCA-07551,1
RCA-07552,1
RCA-07553,1
RCA-07554,1
RCA-07555,1
RCA-07556,1
RCA-07557,1
RCA-07558,1
RCA-07559,1
RCA-07560,1
RCA-07561,1
RCA-07562,1
RCA-07563,1
RCA-07564,1
RCA-07565,1
RCA-07566,1
RCA-07567,1
RCA-07568,1
RCA-07569,1
RCA-07570,1
RCA-07571,1
RCA-07572,1
RCA-07573,1
RCA-07574,1
RCA-07575,1
RCA-07576,1
RCA-07577,1
RCA-07578,1
RCA-07579,1
RCA-07580,1
RCA-07581,1
RCA-07582,1
RCA-07583,1
RCA-07584,1
RCA-07585,1
RCA-07586,1
RCA-07587,1
RCA-07588,1
RCA-07589,1
RCA-07590,1
RCA-07591,1
RCA-07592,1
RCA-07593,1
RCA-07594,1
RCA-07595,1
RCA-07596,1
RCA-07597,1
RCA-07598,1
RCA-07599,1
RCA-07600,1
RCA-07601,1
RCA-07602,1
RCA-07603,1
RCA-07604,1
RCA-07605,1
RCA-07606,1
RCA-07607,1
RCA-07608,1
RCA-07609,1
RCA-07610,1
RCA-07611,1
RCA-07612,1
RCA-07613,1
RCA-07614,1
RCA-07615,1
RCA-07616,1
RCA-07617,1
RCA-07618,1
RCA-07619,1
RCA-07620,1
RCA-07621,1
RCA-07622,1
RCA-07623,1
RCA-07624,1
RCA-07625,1
RCA-07626,1
RCA-07627,1
RCA-07628,1
RCA-07629,1
RCA-07630,1
RCA-07631,1
RCA-07632,1
RCA-07633,1
RCA-07634,1
RCA-07635,1
RCA-07636,1
RCA-07637,1
RCA-07638,1
RCA-07639,1
RCA-07640,1
RCA-07641,1
RCA-07642,1
RCA-07643,1
RCA-07644,1
RCA-07645,1
RCA-07646,1
RCA-07647,1
RCA-07648,1
RCA-07649,1
RCA-07650,1
RCA-07651,1
RCA-07652,1
RCA-07653,1
RCA-07654,1
RCA-07655,1
RCA-07656,1
RCA-07657,1
RCA-07658,1
RCA-07659,1
RCA-07660,1
RCA-07661,1
RCA-07662,1
RCA-07663,1
RCA-07664,1
RCA-07665,1
RCA-07666,1
RCA-07667,1
RCA-07668,1
RCA-07669,1
RCA-07670,1
RCA-07671,1
RCA-07672,1
RCA-07673,1
RCA-07674,1
RCA-07675,1
RCA-07676,1
RCA-07677,1
RCA-07678,1
RCA-07679,1
RCA-07680,1
RCA-07681,1
RCA-07682,1
RCA-07683,1
RCA-07684,1
RCA-07685,1
RCA-07686,1
RCA-07687,1
RCA-07688,1
RCA-07689,1
RCA-07690,1
RCA-07691,1
RCA-07692,1
RCA-07693,1
RCA-07694,1
RCA-07695,1
RCA-07696,1
RCA-07697,1
RCA-07698,1
RCA-07699,1
RCA-07700,1
RCA-07701,1
RCA-07702,1
RCA-07703,1
RCA-07704,1
RCA-07705,1
RCA-07706,1
RCA-07707,1
RCA-07708,1
RCA-07709,1
RCA-07710,1
RCA-07711,1
RCA-07712,1
RCA-07713,1
RCA-07714,1
RCA-07715,1
RCA-07716,1
RCA-07717,1
RCA-07718,1
RCA-07719,1
RCA-07720,1
RCA-07721,1
RCA-07722,1
RCA-07723,1
RCA-07724,1
RCA-07725,1
RCA-07726,1
RCA-07727,1
RCA-07728,1
RCA-07729,1
RCA-07730,1
RCA-07731,1
RCA-07732,1
RCA-07733,1
RCA-07734,1
RCA-07735,1
RCA-07736,1
RCA-07737,1
RCA-07738,1
RCA-07739,1
RCA-07740,1
RCA-07741,1
RCA-07742,1
RCA-07743,1
RCA-07744,1
RCA-07745,1
RCA-07746,1
RCA-07747,1
RCA-07748,1
RCA-07749,1
RCA-07750,1
RCA-07751,1
RCA-07752,1
RCA-07753,1
RCA-07754,1
RCA-07755,1
RCA-07756,1
RCA-07757,1
RCA-07758,1
RCA-07759,1
RCA-07760,1
RCA-07761,1
RCA-07762,1
RCA-07763,1
RCA-07764,1
RCA-07765,1
RCA-07766,1
RCA-07767,1
RCA-07768,1
RCA-07769,1
RCA-07770,1
RCA-07771,1
RCA-07772,1
RCA-07773,1
RCA-07774,1
RCA-07775,1
RCA-07776,1
RCA-07777,1
RCA-07778,1
RCA-07779,1
RCA-07780,1
RCA-07781,1
RCA-07782,1
RCA-07783,1
RCA-07784,1
RCA-07785,1
RCA-07786,1
RCA-07787,1
RCA-07788,1
RCA-07789,1
RCA-07790,1
RCA-07791,1
RCA-07792,1
RCA-07793,1
RCA-07794,1
RCA-07795,1
RCA-07796,1
RCA-07797,1
RCA-07798,1
RCA-07799,1
RCA-07800,1
RCA-07801,1
RCA-07802,1
RCA-07803,1
RCA-07804,1
RCA-07805,1
RCA-07806,1
RCA-07807,1
RCA-07808,1
RCA-07809,1
RCA-07810,1
RCA-07811,1
RCA-07812,1
RCA-07813,1
RCA-07814,1
RCA-07815,1
RCA-07816,1
RCA-07817,1
RCA-07818,1
RCA-07819,1
RCA-07820,1
RCA-07821,1
RCA-07822,1
RCA-07823,1
RCA-07824,1
RCA-07825,1
RCA-07826,1
RCA-07827,1
RCA-07828,1
RCA-07829,1
RCA-07830,1
RCA-07831,1
RCA-07832,1
RCA-07833,1
RCA-07834,1
RCA-07835,1
RCA-07836,1
RCA-07837,1
RCA-07838,1
RCA-07839,1
RCA-07840,1
RCA-07841,1
RCA-07842,1
RCA-07843,1
RCA-07844,1
RCA-07845,1
RCA-07846,1
RCA-07847,1
RCA-07848,1
RCA-07849,1
RCA-07850,1
RCA-07851,1
RCA-07852,1
RCA-07853,1
RCA-07854,1
RCA-07855,1
RCA-07856,1
RCA-07857,1
RCA-07858,1
RCA-07859,1
RCA-07860,1
RCA-07861,1
RCA-07862,1
RCA-07863,1
RCA-07864,1
RCA-07865,1
RCA-07866,1
RCA-07867,1
RCA-07868,1
RCA-07869,1
RCA-07870,1
RCA-07871,1
RCA-07872,1
RCA-07873,1
RCA-07874,1
RCA-07875,1
RCA-07876,1
RCA-07877,1
RCA-07878,1
RCA-07879,1
RCA-07880,1
RCA-07881,1
RCA-07882,1
RCA-07883,1
RCA-07884,1
RCA-07885,1
RCA-07886,1
RCA-07887,1
RCA-07888,1
RCA-07889,1
RCA-07890,1
RCA-07891,1
RCA-07892,1
RCA-07893,1
RCA-07894,1
RCA-07895,1
RCA-07896,1
RCA-07897,1
RCA-07898,1
RCA-07899,1
RCA-07900,1
RCA-07901,1
RCA-07902,1
RCA-07903,1
RCA-07904,1
RCA-07905,1
RCA-07906,1
RCA-07907,1
RCA-07908,1
RCA-07909,1
RCA-07910,1
RCA-07911,1
RCA-07912,1
RCA-07913,1
RCA-07914,1
RCA-07915,1
RCA-07916,1
RCA-07917,1
RCA-07918,1
RCA-07919,1
RCA-07920,1
RCA-07921,1
RCA-07922,1
RCA-07923,1
RCA-07924,1
RCA-07925,1
RCA-07926,1
RCA-07927,1
RCA-07928,1
RCA-07929,1
RCA-07930,1
RCA-07931,1
RCA-07932,1
RCA-07933,1
RCA-07934,1
RCA-07935,1
RCA-07936,1
RCA-07937,1
RCA-07938,1
RCA-07939,1
RCA-07940,1
RCA-07941,1
RCA-07942,1
RCA-07943,1
RCA-07944,1
RCA-07945,1
RCA-07946,1
RCA-07947,1
RCA-07948,1
RCA-07949,1
RCA-07950,1
RCA-07951,1
RCA-07952,1
RCA-07953,1
RCA-07954,1
RCA-07955,1
RCA-07956,1
RCA-07957,1
RCA-07958,1
RCA-07959,1
RCA-07960,1
RCA-07961,1
RCA-07962,1
RCA-07963,1
RCA-07964,1
RCA-07965,1
RCA-07966,1
RCA-07967,1
RCA-07968,1
RCA-07969,1
RCA-07970,1
RCA-07971,1
RCA-07972,1
RCA-07973,1
RCA-07974,1
RCA-07975,1
RCA-07976,1
RCA-07977,1
RCA-07978,1
RCA-07979,1
RCA-07980,1
RCA-07981,1
RCA-07982,1
RCA-07983,1
RCA-07984,1
RCA-07985,1
RCA-07986,1
RCA-07987,1
RCA-07988,1
RCA-07989,1
RCA-07990,1
RCA-07991,1
RCA-07992,1
RCA-07993,1
RCA-07994,1
RCA-07995,1
RCA-07996,1
RCA-07997,1
RCA-07998,1
RCA-07999,1
RCA-08000,1
